2026-07-16 11:03:50,441 - exp7 - INFO - Using device: cuda
2026-07-16 11:03:50,442 - exp7 - INFO - Using device: cuda
2026-07-16 11:03:50,442 - exp7 - INFO - Preparing quad-modality data for Exp7a predictions run
2026-07-16 11:03:50,442 - exp7 - INFO - Preparing quad modality data: clinicalbert, chemberta
2026-07-16 11:03:51,948 - exp7 - INFO - Found 147 patients with valid EEG files and outcomes
2026-07-16 11:03:51,955 - exp7 - INFO - Patients with valid clinical data: 151
2026-07-16 11:03:52,045 - exp7 - INFO - Loaded SMILES embeddings: shape=(15, 768)
2026-07-16 11:03:52,074 - exp7 - INFO - Loaded text embeddings for 107 patients
2026-07-16 11:03:52,211 - exp7 - INFO - Loading cached EEG data from /fs04/scratch2/he12/carter/experiments/outputs/eeg_cache/processed_eeg.pkl
2026-07-16 11:03:59,719 - exp7 - INFO - Loaded 147 patients from cache
2026-07-16 11:03:59,719 - exp7 - INFO - Loaded EEG data for 147 patients
2026-07-16 11:03:59,720 - exp7 - INFO - Patients with all 4 modalities: 111
2026-07-16 11:03:59,720 - exp7 - INFO -   Cohort size: 111 patients
2026-07-16 11:03:59,721 - exp7 - INFO -   Top-5 ASMs: ['LEV', 'VPA', 'CBZ', 'LTG', 'PTN']
2026-07-16 11:03:59,760 - exp7 - INFO - Fold 1/5
2026-07-16 11:03:59,992 - exp7 - INFO -   Train: 88, Val: 23
2026-07-16 11:04:00,980 - exp2_fusion.models.eeg_encoders - INFO - Creating EEG encoder: eeg2vec
2026-07-16 11:04:13,011 - exp7 - INFO -   Model parameters: 1,697,922
/fs04/scratch2/he12/carter/experiments/.venv-others/lib/python3.10/site-packages/torch/autograd/graph.py:869: UserWarning: Memory Efficient attention defaults to a non-deterministic algorithm. To explicitly enable determinism call torch.use_deterministic_algorithms(True, warn_only=False). (Triggered internally at /pytorch/aten/src/ATen/native/transformers/cuda/attention_backward.cu:900.)
  return Variable._execution_engine.run_backward(  # Calls into the C++ engine to run the backward pass
/fs04/scratch2/he12/carter/experiments/.venv-others/lib/python3.10/site-packages/torch/nn/modules/transformer.py:531: UserWarning: The PyTorch API of nested tensors is in prototype stage and will change in the near future. We recommend specifying layout=torch.jagged when constructing a nested tensor, as this layout receives active development, has better operator coverage, and works with torch.compile. (Triggered internally at /pytorch/aten/src/ATen/NestedTensorImpl.cpp:178.)
  output = torch._nested_tensor_from_mask(
2026-07-16 11:05:34,314 - exp7 - INFO -     Epoch 10: train_loss=0.4160, val_loss=1.0506, val_auc=0.5985
2026-07-16 11:06:11,767 - exp7 - INFO -     Epoch 20: train_loss=0.4006, val_loss=1.6025, val_auc=0.4924
2026-07-16 11:06:27,128 - exp7 - INFO -     Early stopping at epoch 24
2026-07-16 11:06:27,945 - exp7 - INFO -   Fold 1: AUC=0.6288, BalAcc_tuned=0.6856
2026-07-16 11:06:27,946 - exp7 - INFO - Fold 2/5
2026-07-16 11:06:27,952 - exp7 - INFO -   Train: 89, Val: 22
2026-07-16 11:06:27,954 - exp2_fusion.models.eeg_encoders - INFO - Creating EEG encoder: eeg2vec
2026-07-16 11:06:27,996 - exp7 - INFO -   Model parameters: 1,697,922
2026-07-16 11:07:07,120 - exp7 - INFO -     Epoch 10: train_loss=0.6054, val_loss=0.6825, val_auc=0.6529
2026-07-16 11:07:44,955 - exp7 - INFO -     Epoch 20: train_loss=0.4988, val_loss=0.8610, val_auc=0.5702
2026-07-16 11:08:22,762 - exp7 - INFO -     Epoch 30: train_loss=0.4473, val_loss=1.0265, val_auc=0.6116
2026-07-16 11:08:53,000 - exp7 - INFO -     Early stopping at epoch 38
2026-07-16 11:08:53,783 - exp7 - INFO -   Fold 2: AUC=0.7273, BalAcc_tuned=0.6818
2026-07-16 11:08:53,784 - exp7 - INFO - Fold 3/5
2026-07-16 11:08:53,790 - exp7 - INFO -   Train: 89, Val: 22
2026-07-16 11:08:53,792 - exp2_fusion.models.eeg_encoders - INFO - Creating EEG encoder: eeg2vec
2026-07-16 11:08:53,803 - exp7 - INFO -   Model parameters: 1,697,922
2026-07-16 11:09:31,667 - exp7 - INFO -     Epoch 10: train_loss=0.5393, val_loss=0.9325, val_auc=0.5917
2026-07-16 11:10:09,525 - exp7 - INFO -     Epoch 20: train_loss=0.5849, val_loss=0.9199, val_auc=0.6167
2026-07-16 11:10:47,384 - exp7 - INFO -     Epoch 30: train_loss=0.3858, val_loss=0.8744, val_auc=0.6333
2026-07-16 11:11:25,275 - exp7 - INFO -     Epoch 40: train_loss=0.3742, val_loss=1.3459, val_auc=0.6250
2026-07-16 11:12:03,151 - exp7 - INFO -     Epoch 50: train_loss=0.3851, val_loss=1.2260, val_auc=0.6667
2026-07-16 11:12:41,030 - exp7 - INFO -     Epoch 60: train_loss=0.1377, val_loss=1.5786, val_auc=0.6333
2026-07-16 11:13:18,903 - exp7 - INFO -     Epoch 70: train_loss=0.1433, val_loss=1.4000, val_auc=0.7000
2026-07-16 11:14:21,297 - exp7 - INFO -     Epoch 80: train_loss=0.1944, val_loss=1.5586, val_auc=0.7083
2026-07-16 11:14:59,708 - exp7 - INFO -     Epoch 90: train_loss=0.1307, val_loss=1.7958, val_auc=0.7208
2026-07-16 11:15:40,821 - exp7 - INFO -     Epoch 100: train_loss=0.1972, val_loss=1.7582, val_auc=0.6875
2026-07-16 11:15:41,608 - exp7 - INFO -   Fold 3: AUC=0.7500, BalAcc_tuned=0.7750
2026-07-16 11:15:41,609 - exp7 - INFO - Fold 4/5
2026-07-16 11:15:42,252 - exp7 - INFO -   Train: 89, Val: 22
2026-07-16 11:15:42,431 - exp2_fusion.models.eeg_encoders - INFO - Creating EEG encoder: eeg2vec
2026-07-16 11:15:44,779 - exp7 - INFO -   Model parameters: 1,697,922
2026-07-16 11:16:23,617 - exp7 - INFO -     Epoch 10: train_loss=0.6949, val_loss=0.5762, val_auc=0.8417
2026-07-16 11:17:01,479 - exp7 - INFO -     Epoch 20: train_loss=0.5856, val_loss=0.6053, val_auc=0.7583
2026-07-16 11:17:39,363 - exp7 - INFO -     Epoch 30: train_loss=0.4649, val_loss=0.7292, val_auc=0.6583
2026-07-16 11:17:39,363 - exp7 - INFO -     Early stopping at epoch 30
2026-07-16 11:17:40,152 - exp7 - INFO -   Fold 4: AUC=0.8417, BalAcc_tuned=0.8167
2026-07-16 11:17:40,152 - exp7 - INFO - Fold 5/5
2026-07-16 11:17:40,157 - exp7 - INFO -   Train: 89, Val: 22
2026-07-16 11:17:40,159 - exp2_fusion.models.eeg_encoders - INFO - Creating EEG encoder: eeg2vec
2026-07-16 11:17:40,170 - exp7 - INFO -   Model parameters: 1,697,922
2026-07-16 11:18:18,069 - exp7 - INFO -     Epoch 10: train_loss=0.6997, val_loss=0.6467, val_auc=0.7250
2026-07-16 11:18:55,976 - exp7 - INFO -     Epoch 20: train_loss=0.5110, val_loss=0.5587, val_auc=0.8333
2026-07-16 11:19:33,824 - exp7 - INFO -     Epoch 30: train_loss=0.4572, val_loss=0.5658, val_auc=0.7833
2026-07-16 11:20:00,322 - exp7 - INFO -     Early stopping at epoch 37
2026-07-16 11:20:01,110 - exp7 - INFO -   Fold 5: AUC=0.8500, BalAcc_tuned=0.8750
2026-07-16 11:20:01,141 - exp7 - INFO - Predictions saved to outputs/exp7_predictions/predictions_oof.json
2026-07-16 11:20:01,141 - exp7 - INFO - Final all-data refit (90/10 random split for early stopping)
2026-07-16 11:20:01,490 - exp7 - INFO -   Refit train: 100, early-stop val: 11
2026-07-16 11:20:01,492 - exp2_fusion.models.eeg_encoders - INFO - Creating EEG encoder: eeg2vec
2026-07-16 11:20:01,504 - exp7 - INFO -   Model parameters: 1,697,922
2026-07-16 11:20:52,493 - exp7 - INFO -     Epoch 10: train_loss=0.5434, val_loss=0.7365, val_auc=0.7667
2026-07-16 11:21:34,292 - exp7 - INFO -     Epoch 20: train_loss=0.4675, val_loss=0.6441, val_auc=0.8333
2026-07-16 11:22:03,558 - exp7 - INFO -     Early stopping at epoch 27
2026-07-16 11:22:03,970 - exp7 - INFO - Predicting on full cohort with refit model
2026-07-16 11:22:03,978 - exp2_fusion.models.eeg_encoders - INFO - Creating EEG encoder: eeg2vec
2026-07-16 11:22:08,171 - exp7 - INFO - Predictions saved to outputs/exp7_predictions/predictions_in_sample.json
2026-07-16 11:25:24,033 - exp7 - INFO - Using device: cuda
2026-07-16 11:25:24,034 - exp7 - INFO - Using device: cuda
2026-07-16 11:25:24,035 - exp7 - INFO - Preparing quad-modality data for Exp7a predictions run
2026-07-16 11:25:24,035 - exp7 - INFO - Preparing quad modality data: clinicalbert, chemberta
2026-07-16 11:25:24,521 - exp7 - INFO - Found 147 patients with valid EEG files and outcomes
2026-07-16 11:25:24,527 - exp7 - INFO - Patients with valid clinical data: 151
2026-07-16 11:25:24,582 - exp7 - INFO - Loaded SMILES embeddings: shape=(15, 768)
2026-07-16 11:25:24,612 - exp7 - INFO - Loaded text embeddings for 107 patients
2026-07-16 11:25:24,633 - exp7 - INFO - Loading cached EEG data from /fs04/scratch2/he12/carter/experiments/outputs/eeg_cache/processed_eeg.pkl
2026-07-16 11:25:30,996 - exp7 - INFO - Loaded 147 patients from cache
2026-07-16 11:25:30,997 - exp7 - INFO - Loaded EEG data for 147 patients
2026-07-16 11:25:30,998 - exp7 - INFO - Patients with all 4 modalities: 111
2026-07-16 11:25:30,998 - exp7 - INFO -   Cohort size: 111 patients
2026-07-16 11:25:30,998 - exp7 - INFO -   Top-5 ASMs: ['LEV', 'VPA', 'CBZ', 'LTG', 'PTN']
2026-07-16 11:25:31,013 - exp7 - INFO - Fold 1/5
2026-07-16 11:25:31,019 - exp7 - INFO -   Train: 88, Val: 23
2026-07-16 11:25:31,165 - exp2_fusion.models.eeg_encoders - INFO - Creating EEG encoder: eeg2vec
2026-07-16 11:25:34,563 - exp7 - INFO -   Model parameters: 1,697,922
2026-07-16 11:25:34,606 - exp7 - INFO -   ASM-weighted training: mean=1.000, min=0.686, max=2.113
/fs04/scratch2/he12/carter/experiments/.venv-others/lib/python3.10/site-packages/torch/autograd/graph.py:869: UserWarning: Memory Efficient attention defaults to a non-deterministic algorithm. To explicitly enable determinism call torch.use_deterministic_algorithms(True, warn_only=False). (Triggered internally at /pytorch/aten/src/ATen/native/transformers/cuda/attention_backward.cu:900.)
  return Variable._execution_engine.run_backward(  # Calls into the C++ engine to run the backward pass
/fs04/scratch2/he12/carter/experiments/.venv-others/lib/python3.10/site-packages/torch/nn/modules/transformer.py:531: UserWarning: The PyTorch API of nested tensors is in prototype stage and will change in the near future. We recommend specifying layout=torch.jagged when constructing a nested tensor, as this layout receives active development, has better operator coverage, and works with torch.compile. (Triggered internally at /pytorch/aten/src/ATen/NestedTensorImpl.cpp:178.)
  output = torch._nested_tensor_from_mask(
2026-07-16 11:26:29,556 - exp7 - INFO -     Epoch 10: train_loss=0.2277, val_loss=1.1253, val_auc=0.6288
2026-07-16 11:27:07,078 - exp7 - INFO -     Epoch 20: train_loss=0.2776, val_loss=1.4152, val_auc=0.5833
2026-07-16 11:27:22,107 - exp7 - INFO -     Early stopping at epoch 24
2026-07-16 11:27:22,937 - exp7 - INFO -   Fold 1: AUC=0.6439, BalAcc_tuned=0.6894
2026-07-16 11:27:22,937 - exp7 - INFO - Fold 2/5
2026-07-16 11:27:22,944 - exp7 - INFO -   Train: 89, Val: 22
2026-07-16 11:27:22,946 - exp2_fusion.models.eeg_encoders - INFO - Creating EEG encoder: eeg2vec
2026-07-16 11:27:22,958 - exp7 - INFO -   Model parameters: 1,697,922
2026-07-16 11:27:22,960 - exp7 - INFO -   ASM-weighted training: mean=1.000, min=0.672, max=4.843
2026-07-16 11:28:01,478 - exp7 - INFO -     Epoch 10: train_loss=0.2320, val_loss=0.7338, val_auc=0.6529
2026-07-16 11:28:39,397 - exp7 - INFO -     Epoch 20: train_loss=0.1636, val_loss=1.0125, val_auc=0.6529
2026-07-16 11:29:17,301 - exp7 - INFO -     Epoch 30: train_loss=0.1130, val_loss=1.2115, val_auc=0.6033
2026-07-16 11:29:55,234 - exp7 - INFO -     Epoch 40: train_loss=0.0587, val_loss=1.2212, val_auc=0.6281
2026-07-16 11:30:02,822 - exp7 - INFO -     Early stopping at epoch 42
2026-07-16 11:30:03,623 - exp7 - INFO -   Fold 2: AUC=0.7025, BalAcc_tuned=0.7727
2026-07-16 11:30:03,623 - exp7 - INFO - Fold 3/5
2026-07-16 11:30:03,630 - exp7 - INFO -   Train: 89, Val: 22
2026-07-16 11:30:03,631 - exp2_fusion.models.eeg_encoders - INFO - Creating EEG encoder: eeg2vec
2026-07-16 11:30:03,642 - exp7 - INFO -   Model parameters: 1,697,922
2026-07-16 11:30:03,644 - exp7 - INFO -   ASM-weighted training: mean=1.000, min=0.664, max=4.880
2026-07-16 11:30:41,607 - exp7 - INFO -     Epoch 10: train_loss=0.2742, val_loss=0.9844, val_auc=0.6167
2026-07-16 11:31:19,569 - exp7 - INFO -     Epoch 20: train_loss=0.2177, val_loss=0.9128, val_auc=0.6417
2026-07-16 11:31:57,554 - exp7 - INFO -     Epoch 30: train_loss=0.1584, val_loss=1.1546, val_auc=0.6750
2026-07-16 11:32:35,538 - exp7 - INFO -     Epoch 40: train_loss=0.1445, val_loss=1.0222, val_auc=0.7000
2026-07-16 11:33:06,929 - exp7 - INFO -     Early stopping at epoch 48
2026-07-16 11:33:07,727 - exp7 - INFO -   Fold 3: AUC=0.7250, BalAcc_tuned=0.7083
2026-07-16 11:33:07,727 - exp7 - INFO - Fold 4/5
2026-07-16 11:33:07,733 - exp7 - INFO -   Train: 89, Val: 22
2026-07-16 11:33:07,734 - exp2_fusion.models.eeg_encoders - INFO - Creating EEG encoder: eeg2vec
2026-07-16 11:33:07,746 - exp7 - INFO -   Model parameters: 1,697,922
2026-07-16 11:33:07,747 - exp7 - INFO -   ASM-weighted training: mean=1.000, min=0.673, max=4.853
2026-07-16 11:33:45,734 - exp7 - INFO -     Epoch 10: train_loss=0.2997, val_loss=0.5228, val_auc=0.8500
2026-07-16 11:34:23,719 - exp7 - INFO -     Epoch 20: train_loss=0.1696, val_loss=0.4020, val_auc=0.9083
2026-07-16 11:35:01,707 - exp7 - INFO -     Epoch 30: train_loss=0.1496, val_loss=0.4910, val_auc=0.8917
2026-07-16 11:35:05,680 - exp7 - INFO -     Early stopping at epoch 31
2026-07-16 11:35:06,478 - exp7 - INFO -   Fold 4: AUC=0.9500, BalAcc_tuned=0.9500
2026-07-16 11:35:06,478 - exp7 - INFO - Fold 5/5
2026-07-16 11:35:06,484 - exp7 - INFO -   Train: 89, Val: 22
2026-07-16 11:35:06,486 - exp2_fusion.models.eeg_encoders - INFO - Creating EEG encoder: eeg2vec
2026-07-16 11:35:06,504 - exp7 - INFO -   Model parameters: 1,697,922
2026-07-16 11:35:06,505 - exp7 - INFO -   ASM-weighted training: mean=1.000, min=0.669, max=4.867
2026-07-16 11:35:52,707 - exp7 - INFO -     Epoch 10: train_loss=0.2988, val_loss=0.5885, val_auc=0.8417
2026-07-16 11:36:36,915 - exp7 - INFO -     Epoch 20: train_loss=0.3024, val_loss=0.6831, val_auc=0.7000
2026-07-16 11:36:40,713 - exp7 - INFO -     Early stopping at epoch 21
2026-07-16 11:36:41,506 - exp7 - INFO -   Fold 5: AUC=0.8667, BalAcc_tuned=0.8750
2026-07-16 11:36:41,663 - exp7 - INFO - Predictions saved to outputs/exp7_predictions/predictions_oof_asmweighted.json
2026-07-16 11:36:41,663 - exp7 - INFO - Final all-data refit (90/10 random split for early stopping)
2026-07-16 11:36:42,986 - exp7 - INFO -   Refit train: 100, early-stop val: 11
2026-07-16 11:36:43,010 - exp2_fusion.models.eeg_encoders - INFO - Creating EEG encoder: eeg2vec
2026-07-16 11:36:43,090 - exp7 - INFO -   Model parameters: 1,697,922
2026-07-16 11:36:43,170 - exp7 - INFO -   ASM-weighted training: mean=1.000, min=0.666, max=5.203
2026-07-16 11:37:31,914 - exp7 - INFO -     Epoch 10: train_loss=0.2760, val_loss=1.0621, val_auc=0.7667
2026-07-16 11:38:13,758 - exp7 - INFO -     Epoch 20: train_loss=0.2013, val_loss=0.5923, val_auc=0.9000
2026-07-16 11:38:55,563 - exp7 - INFO -     Epoch 30: train_loss=0.1925, val_loss=0.6651, val_auc=0.8667
2026-07-16 11:39:29,008 - exp7 - INFO -     Early stopping at epoch 38
2026-07-16 11:39:29,420 - exp7 - INFO - Predicting on full cohort with refit model
2026-07-16 11:39:29,428 - exp2_fusion.models.eeg_encoders - INFO - Creating EEG encoder: eeg2vec
2026-07-16 11:39:33,436 - exp7 - INFO - Predictions saved to outputs/exp7_predictions/predictions_in_sample_asmweighted.json
WARNING:root:Column 'focal' not found, skipping
WARNING:root:Column 'sex' not found, skipping
INFO:exp2:  Fold 1/5 (train=121, val=30)
DEBUG:exp2:  Class weights: [0.5123967 0.4876033]
/fs04/scratch2/he12/carter/experiments/.venv-others/lib/python3.10/site-packages/torch/nn/modules/transformer.py:531: UserWarning: The PyTorch API of nested tensors is in prototype stage and will change in the near future. We recommend specifying layout=torch.jagged when constructing a nested tensor, as this layout receives active development, has better operator coverage, and works with torch.compile. (Triggered internally at /pytorch/aten/src/ATen/NestedTensorImpl.cpp:178.)
  output = torch._nested_tensor_from_mask(
DEBUG:exp2:Epoch 1/100: train_loss=0.6988, val_loss=0.7022, val_auc=0.571
DEBUG:exp2:Epoch 21/100: train_loss=0.6728, val_loss=0.7205, val_auc=0.455
DEBUG:exp2:Early stopping at epoch 21 (patience=20)
INFO:exp2:    Fold 1 results: AUC=0.5714, BalAcc_tuned=0.6339, F1_tuned=0.6452 (thresh=0.588)
INFO:exp2:  Fold 2/5 (train=121, val=30)
DEBUG:exp2:  Class weights: [0.5206612  0.47933885]
DEBUG:exp2:Epoch 1/100: train_loss=0.7475, val_loss=0.7057, val_auc=0.507
DEBUG:exp2:Epoch 21/100: train_loss=0.6471, val_loss=0.8467, val_auc=0.320
DEBUG:exp2:Early stopping at epoch 26 (patience=20)
INFO:exp2:    Fold 2 results: AUC=0.5511, BalAcc_tuned=0.6333, F1_tuned=0.6667 (thresh=0.506)
INFO:exp2:  Fold 3/5 (train=121, val=30)
DEBUG:exp2:  Class weights: [0.5123967 0.4876033]
DEBUG:exp2:Epoch 1/100: train_loss=0.7131, val_loss=0.7027, val_auc=0.424
DEBUG:exp2:Epoch 21/100: train_loss=0.6403, val_loss=0.7993, val_auc=0.348
DEBUG:exp2:Epoch 41/100: train_loss=0.5992, val_loss=0.9717, val_auc=0.393
DEBUG:exp2:Early stopping at epoch 52 (patience=20)
INFO:exp2:    Fold 3 results: AUC=0.6384, BalAcc_tuned=0.6652, F1_tuned=0.6875 (thresh=0.240)
INFO:exp2:  Fold 4/5 (train=121, val=30)
DEBUG:exp2:  Class weights: [0.5206612  0.47933885]
DEBUG:exp2:Epoch 1/100: train_loss=0.7074, val_loss=0.7621, val_auc=0.313
DEBUG:exp2:Epoch 21/100: train_loss=0.6117, val_loss=1.1522, val_auc=0.476
DEBUG:exp2:Epoch 41/100: train_loss=0.3562, val_loss=1.7972, val_auc=0.500
DEBUG:exp2:Early stopping at epoch 45 (patience=20)
INFO:exp2:    Fold 4 results: AUC=0.6044, BalAcc_tuned=0.6667, F1_tuned=0.5833 (thresh=0.921)
INFO:exp2:  Fold 5/5 (train=120, val=31)
DEBUG:exp2:  Class weights: [0.51666665 0.48333332]
DEBUG:exp2:Epoch 1/100: train_loss=0.7352, val_loss=0.7292, val_auc=0.417
DEBUG:exp2:Epoch 21/100: train_loss=0.4843, val_loss=1.4901, val_auc=0.463
DEBUG:exp2:Early stopping at epoch 24 (patience=20)
INFO:exp2:    Fold 5 results: AUC=0.5542, BalAcc_tuned=0.5917, F1_tuned=0.3810 (thresh=0.721)
INFO:exp2:Cross-validation complete:
INFO:exp2:  AUC: 0.5839 +/- 0.0332 (min=0.5511, max=0.6384)
INFO:exp2:  Balanced Acc: 0.6382 +/- 0.0274 (min=0.5917, max=0.6667)
INFO:exp2:  F1 Tuned: 0.5927 +/- 0.1115 (min=0.3810, max=0.6875)
INFO:exp2:Per-fold predictions written to /fs04/scratch2/he12/carter/experiments/outputs/exp2_predictions/predictions_oof_exp2_simplecnn_chemberta_mlp.json
INFO:exp2:[1/4] Complete: Acc=0.529, AUC=0.584, F1=0.632
INFO:exp2:[2/4] Starting: simplecnn + chemberta (fusemoe)
INFO:exp2:Loading data for SMILES model: chemberta
INFO:exp2:Preparing data...
INFO:exp2:Found 151 patients with valid EEG files and outcomes
INFO:exp2:Loading SMILES embeddings for model: chemberta
INFO:exp2:Loaded SMILES embeddings: shape=(15, 768)
INFO:exp2:Loading cached EEG data from /fs04/scratch2/he12/carter/experiments/outputs/eeg_cache/processed_eeg.pkl
INFO:exp2:Loaded 147 patients from cache
INFO:exp2:Final dataset: 151 patients
INFO:exp2:Outcome distribution: {1: np.int64(78), 0: np.int64(73)}
INFO:exp2:Loaded 151 patients with EEG data
INFO:exp2:Starting cross-validation...
INFO:exp2:  Using multilabel stratification
WARNING:root:Column 'focal' not found, skipping
WARNING:root:Column 'sex' not found, skipping
INFO:exp2:  Fold 1/5 (train=121, val=30)
DEBUG:exp2:  Class weights: [0.5123967 0.4876033]
DEBUG:exp2:Epoch 1/100: train_loss=0.8619, val_loss=0.6522, val_auc=0.438
DEBUG:exp2:Epoch 21/100: train_loss=0.6196, val_loss=0.6819, val_auc=0.562
DEBUG:exp2:Early stopping at epoch 22 (patience=20)
INFO:exp2:    Fold 1 results: AUC=0.5625, BalAcc_tuned=0.5893, F1_tuned=0.6667 (thresh=0.664)
INFO:exp2:  Fold 2/5 (train=121, val=30)
DEBUG:exp2:  Class weights: [0.5206612  0.47933885]
DEBUG:exp2:Epoch 1/100: train_loss=0.7928, val_loss=0.6005, val_auc=0.618
DEBUG:exp2:Epoch 21/100: train_loss=0.6276, val_loss=0.5927, val_auc=0.609
DEBUG:exp2:Early stopping at epoch 23 (patience=20)
INFO:exp2:    Fold 2 results: AUC=0.6222, BalAcc_tuned=0.6000, F1_tuned=0.6250 (thresh=0.550)
INFO:exp2:  Fold 3/5 (train=121, val=30)
DEBUG:exp2:  Class weights: [0.5123967 0.4876033]
DEBUG:exp2:Epoch 1/100: train_loss=0.7124, val_loss=0.5907, val_auc=0.701
DEBUG:exp2:Epoch 21/100: train_loss=0.6589, val_loss=0.6444, val_auc=0.460
DEBUG:exp2:Early stopping at epoch 21 (patience=20)
INFO:exp2:    Fold 3 results: AUC=0.7009, BalAcc_tuned=0.7009, F1_tuned=0.7097 (thresh=0.655)
INFO:exp2:  Fold 4/5 (train=121, val=30)
DEBUG:exp2:  Class weights: [0.5206612  0.47933885]
DEBUG:exp2:Epoch 1/100: train_loss=0.7966, val_loss=0.7773, val_auc=0.413
DEBUG:exp2:Epoch 21/100: train_loss=0.6272, val_loss=0.6931, val_auc=0.373
DEBUG:exp2:Early stopping at epoch 24 (patience=20)
INFO:exp2:    Fold 4 results: AUC=0.5733, BalAcc_tuned=0.6000, F1_tuned=0.3333 (thresh=0.578)
INFO:exp2:  Fold 5/5 (train=120, val=31)
DEBUG:exp2:  Class weights: [0.51666665 0.48333332]
DEBUG:exp2:Epoch 1/100: train_loss=0.7479, val_loss=0.7024, val_auc=0.465
DEBUG:exp2:Epoch 21/100: train_loss=0.6105, val_loss=0.6631, val_auc=0.385
DEBUG:exp2:Early stopping at epoch 21 (patience=20)
INFO:exp2:    Fold 5 results: AUC=0.4646, BalAcc_tuned=0.5271, F1_tuned=0.2857 (thresh=0.663)
INFO:exp2:Cross-validation complete:
INFO:exp2:  AUC: 0.5847 +/- 0.0774 (min=0.4646, max=0.7009)
INFO:exp2:  Balanced Acc: 0.6035 +/- 0.0558 (min=0.5271, max=0.7009)
INFO:exp2:  F1 Tuned: 0.5241 +/- 0.1779 (min=0.2857, max=0.7097)
INFO:exp2:Per-fold predictions written to /fs04/scratch2/he12/carter/experiments/outputs/exp2_predictions/predictions_oof_exp2_simplecnn_chemberta_fusemoe.json
INFO:exp2:[2/4] Complete: Acc=0.564, AUC=0.585, F1=0.645
INFO:exp2:[3/4] Starting: simplecnn + smilestrf (mlp)
INFO:exp2:Loading data for SMILES model: smilestrf
INFO:exp2:Preparing data...
INFO:exp2:Found 151 patients with valid EEG files and outcomes
INFO:exp2:Loading SMILES embeddings for model: smilestrf
INFO:exp2:Loaded SMILES embeddings: shape=(15, 256)
INFO:exp2:Loading cached EEG data from /fs04/scratch2/he12/carter/experiments/outputs/eeg_cache/processed_eeg.pkl
INFO:exp2:Loaded 147 patients from cache
INFO:exp2:Final dataset: 151 patients
INFO:exp2:Outcome distribution: {1: np.int64(78), 0: np.int64(73)}
INFO:exp2:Loaded 151 patients with EEG data
INFO:exp2:Starting cross-validation...
INFO:exp2:  Using multilabel stratification
WARNING:root:Column 'focal' not found, skipping
WARNING:root:Column 'sex' not found, skipping
INFO:exp2:  Fold 1/5 (train=121, val=30)
DEBUG:exp2:  Class weights: [0.5123967 0.4876033]
DEBUG:exp2:Epoch 1/100: train_loss=0.7208, val_loss=0.6781, val_auc=0.603
DEBUG:exp2:Epoch 21/100: train_loss=0.6487, val_loss=0.7611, val_auc=0.350
DEBUG:exp2:Early stopping at epoch 28 (patience=20)
INFO:exp2:    Fold 1 results: AUC=0.6741, BalAcc_tuned=0.6741, F1_tuned=0.6429 (thresh=0.597)
INFO:exp2:  Fold 2/5 (train=121, val=30)
DEBUG:exp2:  Class weights: [0.5206612  0.47933885]
DEBUG:exp2:Epoch 1/100: train_loss=0.7409, val_loss=0.6699, val_auc=0.618
DEBUG:exp2:Epoch 21/100: train_loss=0.5761, val_loss=0.9937, val_auc=0.462
DEBUG:exp2:Early stopping at epoch 27 (patience=20)
INFO:exp2:    Fold 2 results: AUC=0.6978, BalAcc_tuned=0.7000, F1_tuned=0.7097 (thresh=0.563)
INFO:exp2:  Fold 3/5 (train=121, val=30)
DEBUG:exp2:  Class weights: [0.5123967 0.4876033]
DEBUG:exp2:Epoch 1/100: train_loss=0.7435, val_loss=0.6699, val_auc=0.723
DEBUG:exp2:Epoch 21/100: train_loss=0.6972, val_loss=0.7000, val_auc=0.482
DEBUG:exp2:Early stopping at epoch 21 (patience=20)
INFO:exp2:    Fold 3 results: AUC=0.7232, BalAcc_tuned=0.7366, F1_tuned=0.7333 (thresh=0.502)
INFO:exp2:  Fold 4/5 (train=121, val=30)
DEBUG:exp2:  Class weights: [0.5206612  0.47933885]
DEBUG:exp2:Epoch 1/100: train_loss=0.6989, val_loss=0.7682, val_auc=0.238
DEBUG:exp2:Epoch 21/100: train_loss=0.5903, val_loss=0.9065, val_auc=0.442
DEBUG:exp2:Epoch 41/100: train_loss=0.5077, val_loss=1.0474, val_auc=0.480
DEBUG:exp2:Early stopping at epoch 59 (patience=20)
INFO:exp2:    Fold 4 results: AUC=0.5756, BalAcc_tuned=0.6000, F1_tuned=0.5385 (thresh=0.820)
INFO:exp2:  Fold 5/5 (train=120, val=31)
DEBUG:exp2:  Class weights: [0.51666665 0.48333332]
DEBUG:exp2:Epoch 1/100: train_loss=0.7548, val_loss=0.7043, val_auc=0.517
DEBUG:exp2:Epoch 21/100: train_loss=0.5266, val_loss=1.3705, val_auc=0.358
DEBUG:exp2:Early stopping at epoch 21 (patience=20)
INFO:exp2:    Fold 5 results: AUC=0.5167, BalAcc_tuned=0.5833, F1_tuned=0.5517 (thresh=0.546)
INFO:exp2:Cross-validation complete:
INFO:exp2:  AUC: 0.6375 +/- 0.0784 (min=0.5167, max=0.7232)
INFO:exp2:  Balanced Acc: 0.6588 +/- 0.0585 (min=0.5833, max=0.7366)
INFO:exp2:  F1 Tuned: 0.6352 +/- 0.0795 (min=0.5385, max=0.7333)
INFO:exp2:Per-fold predictions written to /fs04/scratch2/he12/carter/experiments/outputs/exp2_predictions/predictions_oof_exp2_simplecnn_smilestrf_mlp.json
INFO:exp2:[3/4] Complete: Acc=0.583, AUC=0.637, F1=0.659
INFO:exp2:[4/4] Starting: simplecnn + smilestrf (fusemoe)
INFO:exp2:Loading data for SMILES model: smilestrf
INFO:exp2:Preparing data...
INFO:exp2:Found 151 patients with valid EEG files and outcomes
INFO:exp2:Loading SMILES embeddings for model: smilestrf
INFO:exp2:Loaded SMILES embeddings: shape=(15, 256)
INFO:exp2:Loading cached EEG data from /fs04/scratch2/he12/carter/experiments/outputs/eeg_cache/processed_eeg.pkl
INFO:exp2:Loaded 147 patients from cache
INFO:exp2:Final dataset: 151 patients
INFO:exp2:Outcome distribution: {1: np.int64(78), 0: np.int64(73)}
INFO:exp2:Loaded 151 patients with EEG data
INFO:exp2:Starting cross-validation...
INFO:exp2:  Using multilabel stratification
WARNING:root:Column 'focal' not found, skipping
WARNING:root:Column 'sex' not found, skipping
INFO:exp2:  Fold 1/5 (train=121, val=30)
DEBUG:exp2:  Class weights: [0.5123967 0.4876033]
DEBUG:exp2:Epoch 1/100: train_loss=0.8071, val_loss=0.7780, val_auc=0.562
DEBUG:exp2:Epoch 21/100: train_loss=0.6236, val_loss=0.6702, val_auc=0.438
DEBUG:exp2:Early stopping at epoch 21 (patience=20)
INFO:exp2:    Fold 1 results: AUC=0.5625, BalAcc_tuned=0.5893, F1_tuned=0.6667 (thresh=0.824)
INFO:exp2:  Fold 2/5 (train=121, val=30)
DEBUG:exp2:  Class weights: [0.5206612  0.47933885]
DEBUG:exp2:Epoch 1/100: train_loss=0.8005, val_loss=0.6658, val_auc=0.382
DEBUG:exp2:Epoch 21/100: train_loss=0.6692, val_loss=0.6219, val_auc=0.582
DEBUG:exp2:Early stopping at epoch 23 (patience=20)
INFO:exp2:    Fold 2 results: AUC=0.5822, BalAcc_tuned=0.6000, F1_tuned=0.6250 (thresh=0.539)
INFO:exp2:  Fold 3/5 (train=121, val=30)
DEBUG:exp2:  Class weights: [0.5123967 0.4876033]
DEBUG:exp2:Epoch 1/100: train_loss=0.8896, val_loss=0.5824, val_auc=0.701
DEBUG:exp2:Epoch 21/100: train_loss=0.6224, val_loss=0.5958, val_auc=0.701
DEBUG:exp2:Early stopping at epoch 21 (patience=20)
INFO:exp2:    Fold 3 results: AUC=0.7009, BalAcc_tuned=0.7009, F1_tuned=0.7097 (thresh=0.734)
INFO:exp2:  Fold 4/5 (train=121, val=30)
DEBUG:exp2:  Class weights: [0.5206612  0.47933885]
DEBUG:exp2:Epoch 1/100: train_loss=0.7009, val_loss=0.8808, val_auc=0.400
DEBUG:exp2:Epoch 21/100: train_loss=0.6041, val_loss=0.7068, val_auc=0.373
DEBUG:exp2:Early stopping at epoch 22 (patience=20)
INFO:exp2:    Fold 4 results: AUC=0.4267, BalAcc_tuned=0.5333, F1_tuned=0.6818 (thresh=0.203)
INFO:exp2:  Fold 5/5 (train=120, val=31)
DEBUG:exp2:  Class weights: [0.51666665 0.48333332]
DEBUG:exp2:Epoch 1/100: train_loss=0.7944, val_loss=0.6721, val_auc=0.573
DEBUG:exp2:Epoch 21/100: train_loss=0.6007, val_loss=0.6643, val_auc=0.385
DEBUG:exp2:Early stopping at epoch 21 (patience=20)
INFO:exp2:    Fold 5 results: AUC=0.5729, BalAcc_tuned=0.5854, F1_tuned=0.5185 (thresh=0.400)
INFO:exp2:Cross-validation complete:
INFO:exp2:  AUC: 0.5690 +/- 0.0870 (min=0.4267, max=0.7009)
INFO:exp2:  Balanced Acc: 0.6018 +/- 0.0547 (min=0.5333, max=0.7009)
INFO:exp2:  F1 Tuned: 0.6403 +/- 0.0668 (min=0.5185, max=0.7097)
INFO:exp2:Per-fold predictions written to /fs04/scratch2/he12/carter/experiments/outputs/exp2_predictions/predictions_oof_exp2_simplecnn_smilestrf_fusemoe.json
INFO:exp2:[4/4] Complete: Acc=0.563, AUC=0.569, F1=0.406
INFO:exp2:Results saved to /fs04/scratch2/he12/carter/experiments/outputs/exp2_results
INFO:exp2:
INFO:exp2:======================================================================
INFO:exp2:SUMMARY
INFO:exp2:======================================================================
INFO:exp2:Experiment                               Acc        AUC        F1        
INFO:exp2:----------------------------------------------------------------------
INFO:exp2:exp2_simplecnn_smilestrf_mlp             0.583      0.637      0.659     
INFO:exp2:exp2_simplecnn_chemberta_fusemoe         0.564      0.585      0.645     
INFO:exp2:exp2_simplecnn_chemberta_mlp             0.529      0.584      0.632     
INFO:exp2:exp2_simplecnn_smilestrf_fusemoe         0.563      0.569      0.406     
INFO:exp2:Experiment 2 completed successfully
2026-07-16 12:25:41,554 - exp3 - INFO - Using device: cuda
2026-07-16 12:25:41,555 - exp3 - INFO - Will run 4 experiments:
2026-07-16 12:25:41,555 - exp3 - INFO -   - exp3a_clinicalbert_chemberta
2026-07-16 12:25:41,555 - exp3 - INFO -   - exp3a_clinicalbert_smilestrf
2026-07-16 12:25:41,555 - exp3 - INFO -   - exp3a_pubmedbert_chemberta
2026-07-16 12:25:41,555 - exp3 - INFO -   - exp3a_pubmedbert_smilestrf
2026-07-16 12:25:41,555 - exp3 - INFO - Running 4 experiments on cuda
2026-07-16 12:25:41,555 - exp3 - INFO - 
============================================================
2026-07-16 12:25:41,555 - exp3 - INFO - Running: exp3a_clinicalbert_chemberta
2026-07-16 12:25:41,555 - exp3 - INFO -   Text: clinicalbert
2026-07-16 12:25:41,555 - exp3 - INFO -   SMILES: chemberta
2026-07-16 12:25:41,555 - exp3 - INFO -   Fusion: mlp
2026-07-16 12:25:41,555 - exp3 - INFO - ============================================================
2026-07-16 12:25:41,555 - exp3 - INFO - Running CV: text=clinicalbert, smiles=chemberta, fusion=mlp
2026-07-16 12:25:41,555 - exp3 - INFO - Preparing data: text=clinicalbert, smiles=chemberta
2026-07-16 12:25:41,568 - exp3 - INFO - Found 151 patients with valid EEG files and outcomes
2026-07-16 12:25:41,667 - exp3 - INFO - Loaded SMILES embeddings: shape=(15, 768)
2026-07-16 12:25:41,768 - exp3 - INFO - Loaded text embeddings for 107 patients
2026-07-16 12:25:41,769 - exp3 - INFO - Loading cached EEG data from /fs04/scratch2/he12/carter/experiments/outputs/eeg_cache/processed_eeg.pkl
2026-07-16 12:25:42,460 - exp3 - INFO - Loaded 147 patients from cache
2026-07-16 12:25:42,460 - exp3 - INFO - Patients with all three modalities: 107
2026-07-16 12:25:42,468 - exp3 - INFO - Outcome distribution: {1: np.int64(59), 0: np.int64(52)}
2026-07-16 12:25:42,469 - exp3 - INFO - Fold 1/5
2026-07-16 12:25:42,473 - exp3 - INFO -   Train: 88, Val: 23
2026-07-16 12:25:42,649 - exp2_fusion.models.eeg_encoders - INFO - Creating EEG encoder: simplecnn
2026-07-16 12:25:43,144 - exp3 - INFO -   Model parameters: 2,536,834
2026-07-16 12:25:43,166 - exp3 - INFO -   Class weights: [0.53409094 0.4659091 ]
/fs04/scratch2/he12/carter/experiments/.venv-others/lib/python3.10/site-packages/torch/autograd/graph.py:869: UserWarning: Memory Efficient attention defaults to a non-deterministic algorithm. To explicitly enable determinism call torch.use_deterministic_algorithms(True, warn_only=False). (Triggered internally at /pytorch/aten/src/ATen/native/transformers/cuda/attention_backward.cu:900.)
  return Variable._execution_engine.run_backward(  # Calls into the C++ engine to run the backward pass
/fs04/scratch2/he12/carter/experiments/.venv-others/lib/python3.10/site-packages/torch/nn/modules/transformer.py:531: UserWarning: The PyTorch API of nested tensors is in prototype stage and will change in the near future. We recommend specifying layout=torch.jagged when constructing a nested tensor, as this layout receives active development, has better operator coverage, and works with torch.compile. (Triggered internally at /pytorch/aten/src/ATen/NestedTensorImpl.cpp:178.)
  output = torch._nested_tensor_from_mask(
2026-07-16 12:26:22,016 - exp3 - INFO -     Epoch 10: train_loss=0.6660, val_loss=0.7051, val_auc=0.5303
2026-07-16 12:26:30,953 - exp3 - INFO -     Epoch 20: train_loss=0.3486, val_loss=1.3464, val_auc=0.4394
2026-07-16 12:26:31,848 - exp3 - INFO -     Early stopping at epoch 21
2026-07-16 12:26:31,849 - exp3 - INFO -   Fold 1 results: AUC=0.6136, Acc=0.6087, F1=0.6897, BalAcc_tuned=0.6212, F1_tuned=0.4706 (thresh=0.606)
2026-07-16 12:26:31,849 - exp3 - INFO - Fold 2/5
2026-07-16 12:26:31,854 - exp3 - INFO -   Train: 89, Val: 22
2026-07-16 12:26:31,855 - exp2_fusion.models.eeg_encoders - INFO - Creating EEG encoder: simplecnn
2026-07-16 12:26:31,870 - exp3 - INFO -   Model parameters: 2,536,834
2026-07-16 12:26:31,871 - exp3 - INFO -   Class weights: [0.53932583 0.46067417]
2026-07-16 12:26:41,631 - exp3 - INFO -     Epoch 10: train_loss=0.6920, val_loss=0.6552, val_auc=0.7273
2026-07-16 12:26:50,691 - exp3 - INFO -     Epoch 20: train_loss=0.3970, val_loss=0.8448, val_auc=0.7769
2026-07-16 12:26:59,739 - exp3 - INFO -     Epoch 30: train_loss=0.2383, val_loss=1.3484, val_auc=0.7025
2026-07-16 12:27:02,454 - exp3 - INFO -     Early stopping at epoch 33
2026-07-16 12:27:02,455 - exp3 - INFO -   Fold 2 results: AUC=0.8512, Acc=0.6364, F1=0.7143, BalAcc_tuned=0.8636, F1_tuned=0.8571 (thresh=0.570)
2026-07-16 12:27:02,455 - exp3 - INFO - Fold 3/5
2026-07-16 12:27:02,460 - exp3 - INFO -   Train: 89, Val: 22
2026-07-16 12:27:02,461 - exp2_fusion.models.eeg_encoders - INFO - Creating EEG encoder: simplecnn
2026-07-16 12:27:02,474 - exp3 - INFO -   Model parameters: 2,536,834
2026-07-16 12:27:02,475 - exp3 - INFO -   Class weights: [0.5280899  0.47191012]
2026-07-16 12:27:11,527 - exp3 - INFO -     Epoch 10: train_loss=0.6438, val_loss=0.7885, val_auc=0.4917
2026-07-16 12:27:20,580 - exp3 - INFO -     Epoch 20: train_loss=0.3950, val_loss=1.5888, val_auc=0.5583
2026-07-16 12:27:29,651 - exp3 - INFO -     Epoch 30: train_loss=0.3955, val_loss=2.0323, val_auc=0.4500
2026-07-16 12:27:38,728 - exp3 - INFO -     Epoch 40: train_loss=0.1858, val_loss=2.1468, val_auc=0.3917
2026-07-16 12:27:38,729 - exp3 - INFO -     Early stopping at epoch 40
2026-07-16 12:27:38,729 - exp3 - INFO -   Fold 3 results: AUC=0.5583, Acc=0.5455, F1=0.7059, BalAcc_tuned=0.6250, F1_tuned=0.4000 (thresh=0.968)
2026-07-16 12:27:38,729 - exp3 - INFO - Fold 4/5
2026-07-16 12:27:38,733 - exp3 - INFO -   Train: 89, Val: 22
2026-07-16 12:27:38,735 - exp2_fusion.models.eeg_encoders - INFO - Creating EEG encoder: simplecnn
2026-07-16 12:27:38,747 - exp3 - INFO -   Model parameters: 2,536,834
2026-07-16 12:27:38,748 - exp3 - INFO -   Class weights: [0.5280899  0.47191012]
2026-07-16 12:27:47,819 - exp3 - INFO -     Epoch 10: train_loss=0.7170, val_loss=0.6618, val_auc=0.7250
2026-07-16 12:27:56,889 - exp3 - INFO -     Epoch 20: train_loss=0.4201, val_loss=1.1161, val_auc=0.4167
2026-07-16 12:27:58,702 - exp3 - INFO -     Early stopping at epoch 22
2026-07-16 12:27:58,703 - exp3 - INFO -   Fold 4 results: AUC=0.9250, Acc=0.7273, F1=0.7857, BalAcc_tuned=0.9583, F1_tuned=0.9565 (thresh=0.540)
2026-07-16 12:27:58,703 - exp3 - INFO - Fold 5/5
2026-07-16 12:27:58,707 - exp3 - INFO -   Train: 89, Val: 22
2026-07-16 12:27:58,709 - exp2_fusion.models.eeg_encoders - INFO - Creating EEG encoder: simplecnn
2026-07-16 12:27:58,721 - exp3 - INFO -   Model parameters: 2,536,834
2026-07-16 12:27:58,722 - exp3 - INFO -   Class weights: [0.5280899  0.47191012]
2026-07-16 12:28:07,794 - exp3 - INFO -     Epoch 10: train_loss=0.6664, val_loss=0.7272, val_auc=0.5167
2026-07-16 12:28:16,851 - exp3 - INFO -     Epoch 20: train_loss=0.3699, val_loss=1.6514, val_auc=0.4083
2026-07-16 12:28:17,757 - exp3 - INFO -     Early stopping at epoch 21
2026-07-16 12:28:17,758 - exp3 - INFO -   Fold 5 results: AUC=0.5417, Acc=0.5455, F1=0.7059, BalAcc_tuned=0.6250, F1_tuned=0.6923 (thresh=0.620)
2026-07-16 12:28:17,758 - exp3 - INFO - Cross-validation complete:
2026-07-16 12:28:17,758 - exp3 - INFO -   auc: 0.6980 +/- 0.1588 (min=0.5417, max=0.9250)
2026-07-16 12:28:17,758 - exp3 - INFO -   accuracy: 0.6126 +/- 0.0674 (min=0.5455, max=0.7273)
2026-07-16 12:28:17,758 - exp3 - INFO -   f1: 0.7203 +/- 0.0337 (min=0.6897, max=0.7857)
2026-07-16 12:28:17,758 - exp3 - INFO -   f1_tuned: 0.6753 +/- 0.2145 (min=0.4000, max=0.9565)
2026-07-16 12:28:17,758 - exp3 - INFO -   balanced_acc_tuned: 0.7386 +/- 0.1439 (min=0.6212, max=0.9583)
2026-07-16 12:28:17,819 - exp3 - INFO - Per-fold predictions written to /fs04/scratch2/he12/carter/experiments/outputs/exp3_predictions/predictions_oof_exp3a_clinicalbert_chemberta.json
2026-07-16 12:28:17,820 - exp3 - INFO - 
============================================================
2026-07-16 12:28:17,820 - exp3 - INFO - Running: exp3a_clinicalbert_smilestrf
2026-07-16 12:28:17,820 - exp3 - INFO -   Text: clinicalbert
2026-07-16 12:28:17,820 - exp3 - INFO -   SMILES: smilestrf
2026-07-16 12:28:17,820 - exp3 - INFO -   Fusion: mlp
2026-07-16 12:28:17,820 - exp3 - INFO - ============================================================
2026-07-16 12:28:17,820 - exp3 - INFO - Running CV: text=clinicalbert, smiles=smilestrf, fusion=mlp
2026-07-16 12:28:17,820 - exp3 - INFO - Preparing data: text=clinicalbert, smiles=smilestrf
2026-07-16 12:28:17,829 - exp3 - INFO - Found 151 patients with valid EEG files and outcomes
2026-07-16 12:28:17,841 - exp3 - INFO - Loaded SMILES embeddings: shape=(15, 256)
2026-07-16 12:28:17,851 - exp3 - INFO - Loaded text embeddings for 107 patients
2026-07-16 12:28:17,852 - exp3 - INFO - Loading cached EEG data from /fs04/scratch2/he12/carter/experiments/outputs/eeg_cache/processed_eeg.pkl
2026-07-16 12:28:18,532 - exp3 - INFO - Loaded 147 patients from cache
2026-07-16 12:28:18,533 - exp3 - INFO - Patients with all three modalities: 107
2026-07-16 12:28:18,535 - exp3 - INFO - Outcome distribution: {1: np.int64(59), 0: np.int64(52)}
2026-07-16 12:28:18,536 - exp3 - INFO - Fold 1/5
2026-07-16 12:28:18,540 - exp3 - INFO -   Train: 88, Val: 23
2026-07-16 12:28:18,541 - exp2_fusion.models.eeg_encoders - INFO - Creating EEG encoder: simplecnn
2026-07-16 12:28:18,554 - exp3 - INFO -   Model parameters: 2,405,762
2026-07-16 12:28:18,555 - exp3 - INFO -   Class weights: [0.53409094 0.4659091 ]
2026-07-16 12:28:27,564 - exp3 - INFO -     Epoch 10: train_loss=0.6648, val_loss=0.6638, val_auc=0.6212
2026-07-16 12:28:36,578 - exp3 - INFO -     Epoch 20: train_loss=0.4514, val_loss=1.2529, val_auc=0.5530
2026-07-16 12:28:45,597 - exp3 - INFO -     Epoch 30: train_loss=0.2989, val_loss=1.9006, val_auc=0.3864
2026-07-16 12:28:53,711 - exp3 - INFO -     Early stopping at epoch 39
2026-07-16 12:28:53,712 - exp3 - INFO -   Fold 1 results: AUC=0.6894, Acc=0.5652, F1=0.7059, BalAcc_tuned=0.7386, F1_tuned=0.7500 (thresh=0.885)
2026-07-16 12:28:53,712 - exp3 - INFO - Fold 2/5
2026-07-16 12:28:53,716 - exp3 - INFO -   Train: 89, Val: 22
2026-07-16 12:28:53,718 - exp2_fusion.models.eeg_encoders - INFO - Creating EEG encoder: simplecnn
2026-07-16 12:28:53,730 - exp3 - INFO -   Model parameters: 2,405,762
2026-07-16 12:28:53,731 - exp3 - INFO -   Class weights: [0.53932583 0.46067417]
2026-07-16 12:29:02,820 - exp3 - INFO -     Epoch 10: train_loss=0.7567, val_loss=0.6415, val_auc=0.7190
2026-07-16 12:29:11,909 - exp3 - INFO -     Epoch 20: train_loss=0.3547, val_loss=0.8492, val_auc=0.8264
2026-07-16 12:29:21,003 - exp3 - INFO -     Epoch 30: train_loss=0.3135, val_loss=1.3625, val_auc=0.7438
2026-07-16 12:29:21,912 - exp3 - INFO -     Early stopping at epoch 31
2026-07-16 12:29:21,912 - exp3 - INFO -   Fold 2 results: AUC=0.8595, Acc=0.6364, F1=0.7143, BalAcc_tuned=0.8636, F1_tuned=0.8571 (thresh=0.632)
2026-07-16 12:29:21,912 - exp3 - INFO - Fold 3/5
2026-07-16 12:29:21,917 - exp3 - INFO -   Train: 89, Val: 22
2026-07-16 12:29:21,918 - exp2_fusion.models.eeg_encoders - INFO - Creating EEG encoder: simplecnn
2026-07-16 12:29:21,930 - exp3 - INFO -   Model parameters: 2,405,762
2026-07-16 12:29:21,931 - exp3 - INFO -   Class weights: [0.5280899  0.47191012]
2026-07-16 12:29:31,020 - exp3 - INFO -     Epoch 10: train_loss=0.6303, val_loss=0.7583, val_auc=0.4417
2026-07-16 12:29:39,954 - exp3 - INFO -     Epoch 20: train_loss=0.4237, val_loss=1.4834, val_auc=0.5583
2026-07-16 12:29:45,312 - exp3 - INFO -     Early stopping at epoch 26
2026-07-16 12:29:45,313 - exp3 - INFO -   Fold 3 results: AUC=0.5667, Acc=0.5455, F1=0.6154, BalAcc_tuned=0.6417, F1_tuned=0.6364 (thresh=0.581)
2026-07-16 12:29:45,314 - exp3 - INFO - Fold 4/5
2026-07-16 12:29:45,318 - exp3 - INFO -   Train: 89, Val: 22
2026-07-16 12:29:45,320 - exp2_fusion.models.eeg_encoders - INFO - Creating EEG encoder: simplecnn
2026-07-16 12:29:45,332 - exp3 - INFO -   Model parameters: 2,405,762
2026-07-16 12:29:45,333 - exp3 - INFO -   Class weights: [0.5280899  0.47191012]
2026-07-16 12:29:54,269 - exp3 - INFO -     Epoch 10: train_loss=0.6977, val_loss=0.6813, val_auc=0.5417
2026-07-16 12:30:03,197 - exp3 - INFO -     Epoch 20: train_loss=0.4753, val_loss=1.2824, val_auc=0.3833
2026-07-16 12:30:12,129 - exp3 - INFO -     Epoch 30: train_loss=0.2766, val_loss=2.0917, val_auc=0.5667
2026-07-16 12:30:21,048 - exp3 - INFO -     Epoch 40: train_loss=0.1770, val_loss=2.0772, val_auc=0.4833
2026-07-16 12:30:29,971 - exp3 - INFO -     Epoch 50: train_loss=0.1402, val_loss=2.5078, val_auc=0.3833
2026-07-16 12:30:32,649 - exp3 - INFO -     Early stopping at epoch 53
2026-07-16 12:30:32,650 - exp3 - INFO -   Fold 4 results: AUC=0.6083, Acc=0.4545, F1=0.6250, BalAcc_tuned=0.7000, F1_tuned=0.6316 (thresh=0.982)
2026-07-16 12:30:32,650 - exp3 - INFO - Fold 5/5
2026-07-16 12:30:32,654 - exp3 - INFO -   Train: 89, Val: 22
2026-07-16 12:30:32,655 - exp2_fusion.models.eeg_encoders - INFO - Creating EEG encoder: simplecnn
2026-07-16 12:30:32,667 - exp3 - INFO -   Model parameters: 2,405,762
2026-07-16 12:30:32,668 - exp3 - INFO -   Class weights: [0.5280899  0.47191012]
2026-07-16 12:30:41,592 - exp3 - INFO -     Epoch 10: train_loss=0.5970, val_loss=0.9276, val_auc=0.5917
2026-07-16 12:30:50,516 - exp3 - INFO -     Epoch 20: train_loss=0.3277, val_loss=1.4009, val_auc=0.6000
2026-07-16 12:30:57,654 - exp3 - INFO -     Early stopping at epoch 28
2026-07-16 12:30:57,655 - exp3 - INFO -   Fold 5 results: AUC=0.6000, Acc=0.6364, F1=0.7333, BalAcc_tuned=0.6583, F1_tuned=0.7586 (thresh=0.517)
2026-07-16 12:30:57,655 - exp3 - INFO - Cross-validation complete:
2026-07-16 12:30:57,655 - exp3 - INFO -   auc: 0.6648 +/- 0.1054 (min=0.5667, max=0.8595)
2026-07-16 12:30:57,655 - exp3 - INFO -   accuracy: 0.5676 +/- 0.0674 (min=0.4545, max=0.6364)
2026-07-16 12:30:57,655 - exp3 - INFO -   f1: 0.6788 +/- 0.0487 (min=0.6154, max=0.7333)
2026-07-16 12:30:57,655 - exp3 - INFO -   f1_tuned: 0.7267 +/- 0.0846 (min=0.6316, max=0.8571)
2026-07-16 12:30:57,655 - exp3 - INFO -   balanced_acc_tuned: 0.7205 +/- 0.0791 (min=0.6417, max=0.8636)
2026-07-16 12:30:57,691 - exp3 - INFO - Per-fold predictions written to /fs04/scratch2/he12/carter/experiments/outputs/exp3_predictions/predictions_oof_exp3a_clinicalbert_smilestrf.json
2026-07-16 12:30:57,691 - exp3 - INFO - 
============================================================
2026-07-16 12:30:57,691 - exp3 - INFO - Running: exp3a_pubmedbert_chemberta
2026-07-16 12:30:57,691 - exp3 - INFO -   Text: pubmedbert
2026-07-16 12:30:57,691 - exp3 - INFO -   SMILES: chemberta
2026-07-16 12:30:57,691 - exp3 - INFO -   Fusion: mlp
2026-07-16 12:30:57,691 - exp3 - INFO - ============================================================
2026-07-16 12:30:57,692 - exp3 - INFO - Running CV: text=pubmedbert, smiles=chemberta, fusion=mlp
2026-07-16 12:30:57,692 - exp3 - INFO - Preparing data: text=pubmedbert, smiles=chemberta
2026-07-16 12:30:57,700 - exp3 - INFO - Found 151 patients with valid EEG files and outcomes
2026-07-16 12:30:57,701 - exp3 - INFO - Loaded SMILES embeddings: shape=(15, 768)
2026-07-16 12:30:57,763 - exp3 - INFO - Loaded text embeddings for 107 patients
2026-07-16 12:30:57,763 - exp3 - INFO - Loading cached EEG data from /fs04/scratch2/he12/carter/experiments/outputs/eeg_cache/processed_eeg.pkl
2026-07-16 12:30:58,451 - exp3 - INFO - Loaded 147 patients from cache
2026-07-16 12:30:58,451 - exp3 - INFO - Patients with all three modalities: 107
2026-07-16 12:30:58,455 - exp3 - INFO - Outcome distribution: {1: np.int64(59), 0: np.int64(52)}
2026-07-16 12:30:58,456 - exp3 - INFO - Fold 1/5
2026-07-16 12:30:58,460 - exp3 - INFO -   Train: 88, Val: 23
2026-07-16 12:30:58,462 - exp2_fusion.models.eeg_encoders - INFO - Creating EEG encoder: simplecnn
2026-07-16 12:30:58,476 - exp3 - INFO -   Model parameters: 2,536,834
2026-07-16 12:30:58,477 - exp3 - INFO -   Class weights: [0.53409094 0.4659091 ]
2026-07-16 12:31:07,308 - exp3 - INFO -     Epoch 10: train_loss=0.5744, val_loss=0.7971, val_auc=0.5682
2026-07-16 12:31:16,134 - exp3 - INFO -     Epoch 20: train_loss=0.3246, val_loss=1.4094, val_auc=0.6061
2026-07-16 12:31:24,961 - exp3 - INFO -     Epoch 30: train_loss=0.1029, val_loss=2.4189, val_auc=0.5303
2026-07-16 12:31:33,793 - exp3 - INFO -     Epoch 40: train_loss=0.0137, val_loss=2.8359, val_auc=0.5455
2026-07-16 12:31:39,097 - exp3 - INFO -     Early stopping at epoch 46
2026-07-16 12:31:39,098 - exp3 - INFO -   Fold 1 results: AUC=0.6212, Acc=0.4783, F1=0.0000, BalAcc_tuned=0.6515, F1_tuned=0.6667 (thresh=0.017)
2026-07-16 12:31:39,098 - exp3 - INFO - Fold 2/5
2026-07-16 12:31:39,102 - exp3 - INFO -   Train: 89, Val: 22
2026-07-16 12:31:39,103 - exp2_fusion.models.eeg_encoders - INFO - Creating EEG encoder: simplecnn
2026-07-16 12:31:39,116 - exp3 - INFO -   Model parameters: 2,536,834
2026-07-16 12:31:39,117 - exp3 - INFO -   Class weights: [0.53932583 0.46067417]
2026-07-16 12:31:48,026 - exp3 - INFO -     Epoch 10: train_loss=0.5918, val_loss=0.7418, val_auc=0.7273
2026-07-16 12:31:56,935 - exp3 - INFO -     Epoch 20: train_loss=0.2351, val_loss=0.7700, val_auc=0.6777
2026-07-16 12:31:59,609 - exp3 - INFO -     Early stopping at epoch 23
2026-07-16 12:31:59,609 - exp3 - INFO -   Fold 2 results: AUC=0.7273, Acc=0.5909, F1=0.6897, BalAcc_tuned=0.7727, F1_tuned=0.7826 (thresh=0.547)
2026-07-16 12:31:59,609 - exp3 - INFO - Fold 3/5
2026-07-16 12:31:59,614 - exp3 - INFO -   Train: 89, Val: 22
2026-07-16 12:31:59,615 - exp2_fusion.models.eeg_encoders - INFO - Creating EEG encoder: simplecnn
2026-07-16 12:31:59,628 - exp3 - INFO -   Model parameters: 2,536,834
2026-07-16 12:31:59,629 - exp3 - INFO -   Class weights: [0.5280899  0.47191012]
2026-07-16 12:32:08,786 - exp3 - INFO -     Epoch 10: train_loss=0.7014, val_loss=0.7933, val_auc=0.5500
2026-07-16 12:32:18,528 - exp3 - INFO -     Epoch 20: train_loss=0.4642, val_loss=1.6761, val_auc=0.4667
2026-07-16 12:32:27,461 - exp3 - INFO -     Epoch 30: train_loss=0.1020, val_loss=2.3013, val_auc=0.5083
2026-07-16 12:32:27,461 - exp3 - INFO -     Early stopping at epoch 30
2026-07-16 12:32:27,462 - exp3 - INFO -   Fold 3 results: AUC=0.5500, Acc=0.4545, F1=0.0000, BalAcc_tuned=0.6583, F1_tuned=0.5556 (thresh=0.427)
2026-07-16 12:32:27,462 - exp3 - INFO - Fold 4/5
2026-07-16 12:32:27,467 - exp3 - INFO -   Train: 89, Val: 22
2026-07-16 12:32:27,468 - exp2_fusion.models.eeg_encoders - INFO - Creating EEG encoder: simplecnn
2026-07-16 12:32:27,481 - exp3 - INFO -   Model parameters: 2,536,834
2026-07-16 12:32:27,482 - exp3 - INFO -   Class weights: [0.5280899  0.47191012]
2026-07-16 12:32:36,406 - exp3 - INFO -     Epoch 10: train_loss=0.7086, val_loss=0.6995, val_auc=0.3583
2026-07-16 12:32:45,329 - exp3 - INFO -     Epoch 20: train_loss=0.3213, val_loss=1.5923, val_auc=0.4500
2026-07-16 12:32:46,222 - exp3 - INFO -     Early stopping at epoch 21
2026-07-16 12:32:46,223 - exp3 - INFO -   Fold 4 results: AUC=0.6417, Acc=0.5909, F1=0.7273, BalAcc_tuned=0.6583, F1_tuned=0.7586 (thresh=0.575)
2026-07-16 12:32:46,223 - exp3 - INFO - Fold 5/5
2026-07-16 12:32:46,227 - exp3 - INFO -   Train: 89, Val: 22
2026-07-16 12:32:46,228 - exp2_fusion.models.eeg_encoders - INFO - Creating EEG encoder: simplecnn
2026-07-16 12:32:46,241 - exp3 - INFO -   Model parameters: 2,536,834
2026-07-16 12:32:46,242 - exp3 - INFO -   Class weights: [0.5280899  0.47191012]
2026-07-16 12:32:55,173 - exp3 - INFO -     Epoch 10: train_loss=0.6025, val_loss=0.8613, val_auc=0.5333
2026-07-16 12:33:04,093 - exp3 - INFO -     Epoch 20: train_loss=0.2846, val_loss=1.5214, val_auc=0.5750
2026-07-16 12:33:13,018 - exp3 - INFO -     Epoch 30: train_loss=0.0669, val_loss=2.2690, val_auc=0.4667
2026-07-16 12:33:21,939 - exp3 - INFO -     Epoch 40: train_loss=0.0288, val_loss=2.5310, val_auc=0.6333
2026-07-16 12:33:30,860 - exp3 - INFO -     Epoch 50: train_loss=0.0106, val_loss=2.9616, val_auc=0.4917
2026-07-16 12:33:39,779 - exp3 - INFO -     Epoch 60: train_loss=0.0039, val_loss=3.0885, val_auc=0.5417
2026-07-16 12:33:40,670 - exp3 - INFO -     Early stopping at epoch 61
2026-07-16 12:33:40,671 - exp3 - INFO -   Fold 5 results: AUC=0.7000, Acc=0.5455, F1=0.7059, BalAcc_tuned=0.7583, F1_tuned=0.8148 (thresh=0.996)
2026-07-16 12:33:40,671 - exp3 - INFO - Cross-validation complete:
2026-07-16 12:33:40,671 - exp3 - INFO -   auc: 0.6480 +/- 0.0622 (min=0.5500, max=0.7273)
2026-07-16 12:33:40,671 - exp3 - INFO -   accuracy: 0.5320 +/- 0.0566 (min=0.4545, max=0.5909)
2026-07-16 12:33:40,672 - exp3 - INFO -   f1: 0.4246 +/- 0.3469 (min=0.0000, max=0.7273)
2026-07-16 12:33:40,672 - exp3 - INFO -   f1_tuned: 0.7157 +/- 0.0940 (min=0.5556, max=0.8148)
2026-07-16 12:33:40,672 - exp3 - INFO -   balanced_acc_tuned: 0.6998 +/- 0.0539 (min=0.6515, max=0.7727)
2026-07-16 12:33:40,744 - exp3 - INFO - Per-fold predictions written to /fs04/scratch2/he12/carter/experiments/outputs/exp3_predictions/predictions_oof_exp3a_pubmedbert_chemberta.json
2026-07-16 12:33:40,745 - exp3 - INFO - 
============================================================
2026-07-16 12:33:40,745 - exp3 - INFO - Running: exp3a_pubmedbert_smilestrf
2026-07-16 12:33:40,745 - exp3 - INFO -   Text: pubmedbert
2026-07-16 12:33:40,745 - exp3 - INFO -   SMILES: smilestrf
2026-07-16 12:33:40,745 - exp3 - INFO -   Fusion: mlp
2026-07-16 12:33:40,745 - exp3 - INFO - ============================================================
2026-07-16 12:33:40,745 - exp3 - INFO - Running CV: text=pubmedbert, smiles=smilestrf, fusion=mlp
2026-07-16 12:33:40,745 - exp3 - INFO - Preparing data: text=pubmedbert, smiles=smilestrf
2026-07-16 12:33:40,754 - exp3 - INFO - Found 151 patients with valid EEG files and outcomes
2026-07-16 12:33:40,755 - exp3 - INFO - Loaded SMILES embeddings: shape=(15, 256)
2026-07-16 12:33:40,766 - exp3 - INFO - Loaded text embeddings for 107 patients
2026-07-16 12:33:40,766 - exp3 - INFO - Loading cached EEG data from /fs04/scratch2/he12/carter/experiments/outputs/eeg_cache/processed_eeg.pkl
2026-07-16 12:33:41,458 - exp3 - INFO - Loaded 147 patients from cache
2026-07-16 12:33:41,458 - exp3 - INFO - Patients with all three modalities: 107
2026-07-16 12:33:41,460 - exp3 - INFO - Outcome distribution: {1: np.int64(59), 0: np.int64(52)}
2026-07-16 12:33:41,461 - exp3 - INFO - Fold 1/5
2026-07-16 12:33:41,465 - exp3 - INFO -   Train: 88, Val: 23
2026-07-16 12:33:41,467 - exp2_fusion.models.eeg_encoders - INFO - Creating EEG encoder: simplecnn
2026-07-16 12:33:41,480 - exp3 - INFO -   Model parameters: 2,405,762
2026-07-16 12:33:41,481 - exp3 - INFO -   Class weights: [0.53409094 0.4659091 ]
2026-07-16 12:33:50,307 - exp3 - INFO -     Epoch 10: train_loss=0.5965, val_loss=0.8921, val_auc=0.6515
2026-07-16 12:33:59,154 - exp3 - INFO -     Epoch 20: train_loss=0.3555, val_loss=1.5932, val_auc=0.5076
2026-07-16 12:34:02,894 - exp3 - INFO -     Early stopping at epoch 23
2026-07-16 12:34:02,895 - exp3 - INFO -   Fold 1 results: AUC=0.7121, Acc=0.6087, F1=0.6667, BalAcc_tuned=0.7879, F1_tuned=0.7619 (thresh=0.646)
2026-07-16 12:34:02,895 - exp3 - INFO - Fold 2/5
2026-07-16 12:34:02,916 - exp3 - INFO -   Train: 89, Val: 22
2026-07-16 12:34:02,917 - exp2_fusion.models.eeg_encoders - INFO - Creating EEG encoder: simplecnn
2026-07-16 12:34:02,930 - exp3 - INFO -   Model parameters: 2,405,762
2026-07-16 12:34:02,975 - exp3 - INFO -   Class weights: [0.53932583 0.46067417]
2026-07-16 12:34:11,887 - exp3 - INFO -     Epoch 10: train_loss=0.6582, val_loss=0.7091, val_auc=0.7190
2026-07-16 12:34:20,801 - exp3 - INFO -     Epoch 20: train_loss=0.3597, val_loss=1.1698, val_auc=0.6612
2026-07-16 12:34:29,717 - exp3 - INFO -     Epoch 30: train_loss=0.3314, val_loss=2.0589, val_auc=0.4711
2026-07-16 12:34:34,174 - exp3 - INFO -     Early stopping at epoch 35
2026-07-16 12:34:34,174 - exp3 - INFO -   Fold 2 results: AUC=0.7686, Acc=0.5909, F1=0.7097, BalAcc_tuned=0.7727, F1_tuned=0.7059 (thresh=0.893)
2026-07-16 12:34:34,175 - exp3 - INFO - Fold 3/5
2026-07-16 12:34:34,179 - exp3 - INFO -   Train: 89, Val: 22
2026-07-16 12:34:34,180 - exp2_fusion.models.eeg_encoders - INFO - Creating EEG encoder: simplecnn
2026-07-16 12:34:34,192 - exp3 - INFO -   Model parameters: 2,405,762
2026-07-16 12:34:34,193 - exp3 - INFO -   Class weights: [0.5280899  0.47191012]
2026-07-16 12:34:43,113 - exp3 - INFO -     Epoch 10: train_loss=0.6564, val_loss=0.8514, val_auc=0.5417
2026-07-16 12:34:52,034 - exp3 - INFO -     Epoch 20: train_loss=0.4576, val_loss=1.6865, val_auc=0.4917
2026-07-16 12:35:00,958 - exp3 - INFO -     Epoch 30: train_loss=0.1931, val_loss=2.0779, val_auc=0.3833
2026-07-16 12:35:10,025 - exp3 - INFO -     Epoch 40: train_loss=0.0631, val_loss=2.6249, val_auc=0.4583
2026-07-16 12:35:10,917 - exp3 - INFO -     Early stopping at epoch 41
2026-07-16 12:35:10,918 - exp3 - INFO -   Fold 3 results: AUC=0.5750, Acc=0.5909, F1=0.7097, BalAcc_tuned=0.6083, F1_tuned=0.7333 (thresh=0.685)
2026-07-16 12:35:10,918 - exp3 - INFO - Fold 4/5
2026-07-16 12:35:10,923 - exp3 - INFO -   Train: 89, Val: 22
2026-07-16 12:35:10,924 - exp2_fusion.models.eeg_encoders - INFO - Creating EEG encoder: simplecnn
2026-07-16 12:35:10,936 - exp3 - INFO -   Model parameters: 2,405,762
2026-07-16 12:35:10,937 - exp3 - INFO -   Class weights: [0.5280899  0.47191012]
2026-07-16 12:35:19,850 - exp3 - INFO -     Epoch 10: train_loss=0.7498, val_loss=0.7271, val_auc=0.5667
2026-07-16 12:35:28,911 - exp3 - INFO -     Epoch 20: train_loss=0.4298, val_loss=1.5214, val_auc=0.4500
2026-07-16 12:35:30,723 - exp3 - INFO -     Early stopping at epoch 22
2026-07-16 12:35:30,724 - exp3 - INFO -   Fold 4 results: AUC=0.7417, Acc=0.5455, F1=0.6667, BalAcc_tuned=0.7750, F1_tuned=0.7826 (thresh=0.630)
2026-07-16 12:35:30,724 - exp3 - INFO - Fold 5/5
2026-07-16 12:35:30,728 - exp3 - INFO -   Train: 89, Val: 22
2026-07-16 12:35:30,729 - exp2_fusion.models.eeg_encoders - INFO - Creating EEG encoder: simplecnn
2026-07-16 12:35:30,741 - exp3 - INFO -   Model parameters: 2,405,762
2026-07-16 12:35:30,742 - exp3 - INFO -   Class weights: [0.5280899  0.47191012]
2026-07-16 12:35:39,807 - exp3 - INFO -     Epoch 10: train_loss=0.6246, val_loss=0.9114, val_auc=0.5417
2026-07-16 12:35:52,963 - exp3 - INFO -     Epoch 20: train_loss=0.2307, val_loss=1.7388, val_auc=0.5250
2026-07-16 12:36:02,493 - exp3 - INFO -     Epoch 30: train_loss=0.0949, val_loss=2.4511, val_auc=0.6667
2026-07-16 12:36:11,554 - exp3 - INFO -     Epoch 40: train_loss=0.0218, val_loss=2.7921, val_auc=0.6500
2026-07-16 12:36:26,470 - exp3 - INFO -     Epoch 50: train_loss=0.0573, val_loss=3.0949, val_auc=0.5750
2026-07-16 12:36:30,091 - exp3 - INFO -     Early stopping at epoch 54
2026-07-16 12:36:30,439 - exp3 - INFO -   Fold 5 results: AUC=0.7750, Acc=0.5455, F1=0.7059, BalAcc_tuned=0.7750, F1_tuned=0.7826 (thresh=0.995)
2026-07-16 12:36:30,439 - exp3 - INFO - Cross-validation complete:
2026-07-16 12:36:30,439 - exp3 - INFO -   auc: 0.7145 +/- 0.0732 (min=0.5750, max=0.7750)
2026-07-16 12:36:30,439 - exp3 - INFO -   accuracy: 0.5763 +/- 0.0260 (min=0.5455, max=0.6087)
2026-07-16 12:36:30,439 - exp3 - INFO -   f1: 0.6917 +/- 0.0205 (min=0.6667, max=0.7097)
2026-07-16 12:36:30,439 - exp3 - INFO -   f1_tuned: 0.7533 +/- 0.0298 (min=0.7059, max=0.7826)
2026-07-16 12:36:30,439 - exp3 - INFO -   balanced_acc_tuned: 0.7438 +/- 0.0679 (min=0.6083, max=0.7879)
2026-07-16 12:36:30,537 - exp3 - INFO - Per-fold predictions written to /fs04/scratch2/he12/carter/experiments/outputs/exp3_predictions/predictions_oof_exp3a_pubmedbert_smilestrf.json
2026-07-16 12:36:30,541 - exp3 - INFO - Results saved to /fs04/scratch2/he12/carter/experiments/outputs/exp3_results/exp3_results_20260716_123630.json
2026-07-16 12:40:20,388 - exp4 - INFO - Using device: cuda
2026-07-16 12:40:20,389 - exp4 - INFO - 
============================================================
2026-07-16 12:40:20,389 - exp4 - INFO - Running experiment: exp4a_mlp
2026-07-16 12:40:20,389 - exp4 - INFO - ============================================================
2026-07-16 12:40:20,389 - exp4 - INFO - Running CV: model=mlp
2026-07-16 12:40:21,853 - exp4 - INFO - Loaded 204 patients with valid outcomes
2026-07-16 12:40:21,867 - exp4 - INFO - Fold 1/5
2026-07-16 12:40:21,916 - exp4 - INFO -   Train: 163, Val: 41
2026-07-16 12:40:22,326 - exp4 - INFO -   Model parameters: 3,618
2026-07-16 12:40:22,327 - exp4 - INFO -   Class weights: [0.49079755 0.5092025 ]
2026-07-16 12:40:29,084 - exp4 - INFO -     Epoch 10: train_loss=0.6917, val_loss=0.7110, val_auc=0.6024
2026-07-16 12:40:29,316 - exp4 - INFO -     Epoch 20: train_loss=0.5697, val_loss=0.6720, val_auc=0.6452
2026-07-16 12:40:29,547 - exp4 - INFO -     Epoch 30: train_loss=0.6133, val_loss=0.6431, val_auc=0.6667
2026-07-16 12:40:29,779 - exp4 - INFO -     Epoch 40: train_loss=0.4199, val_loss=0.6781, val_auc=0.6667
2026-07-16 12:40:30,012 - exp4 - INFO -     Epoch 50: train_loss=0.4884, val_loss=0.6863, val_auc=0.6500
2026-07-16 12:40:30,243 - exp4 - INFO -     Epoch 60: train_loss=0.3963, val_loss=0.7118, val_auc=0.6810
2026-07-16 12:40:30,475 - exp4 - INFO -     Epoch 70: train_loss=0.3609, val_loss=0.8125, val_auc=0.6690
2026-07-16 12:40:30,706 - exp4 - INFO -     Epoch 80: train_loss=0.3007, val_loss=0.8202, val_auc=0.6714
2026-07-16 12:40:30,706 - exp4 - INFO -     Early stopping at epoch 80
2026-07-16 12:40:30,707 - exp4 - INFO -   Fold 1 results: AUC=0.6810, Acc=0.6341, F1=0.6341, BalAcc_tuned=0.6619, F1_tuned=0.6957 (thresh=0.287)
2026-07-16 12:40:30,707 - exp4 - INFO - Fold 2/5
2026-07-16 12:40:30,712 - exp4 - INFO -   Train: 163, Val: 41
2026-07-16 12:40:30,712 - exp4 - INFO -   Model parameters: 3,618
2026-07-16 12:40:30,713 - exp4 - INFO -   Class weights: [0.49079755 0.5092025 ]
2026-07-16 12:40:30,944 - exp4 - INFO -     Epoch 10: train_loss=0.7819, val_loss=0.8577, val_auc=0.5262
2026-07-16 12:40:31,176 - exp4 - INFO -     Epoch 20: train_loss=0.5791, val_loss=0.9925, val_auc=0.5500
2026-07-16 12:40:31,407 - exp4 - INFO -     Epoch 30: train_loss=0.4634, val_loss=1.1596, val_auc=0.5024
2026-07-16 12:40:31,638 - exp4 - INFO -     Epoch 40: train_loss=0.4356, val_loss=1.2639, val_auc=0.4929
2026-07-16 12:40:31,638 - exp4 - INFO -     Early stopping at epoch 40
2026-07-16 12:40:31,639 - exp4 - INFO -   Fold 2 results: AUC=0.5500, Acc=0.5366, F1=0.5366, BalAcc_tuned=0.6048, F1_tuned=0.5000 (thresh=0.733)
2026-07-16 12:40:31,639 - exp4 - INFO - Fold 3/5
2026-07-16 12:40:31,644 - exp4 - INFO -   Train: 163, Val: 41
2026-07-16 12:40:31,644 - exp4 - INFO -   Model parameters: 3,618
2026-07-16 12:40:31,645 - exp4 - INFO -   Class weights: [0.49079755 0.5092025 ]
2026-07-16 12:40:31,876 - exp4 - INFO -     Epoch 10: train_loss=0.7590, val_loss=0.7077, val_auc=0.6131
2026-07-16 12:40:32,108 - exp4 - INFO -     Epoch 20: train_loss=0.6556, val_loss=0.7339, val_auc=0.6083
2026-07-16 12:40:32,339 - exp4 - INFO -     Epoch 30: train_loss=0.5505, val_loss=0.8008, val_auc=0.6131
2026-07-16 12:40:32,570 - exp4 - INFO -     Epoch 40: train_loss=0.4985, val_loss=0.8021, val_auc=0.6274
2026-07-16 12:40:32,800 - exp4 - INFO -     Epoch 50: train_loss=0.4348, val_loss=0.8269, val_auc=0.6488
2026-07-16 12:40:33,031 - exp4 - INFO -     Epoch 60: train_loss=0.4229, val_loss=0.8889, val_auc=0.6631
2026-07-16 12:40:33,262 - exp4 - INFO -     Epoch 70: train_loss=0.3602, val_loss=0.9026, val_auc=0.6702
2026-07-16 12:40:33,493 - exp4 - INFO -     Epoch 80: train_loss=0.3223, val_loss=0.9081, val_auc=0.6821
2026-07-16 12:40:33,724 - exp4 - INFO -     Epoch 90: train_loss=0.3313, val_loss=1.0201, val_auc=0.6417
2026-07-16 12:40:33,932 - exp4 - INFO -     Early stopping at epoch 99
2026-07-16 12:40:33,933 - exp4 - INFO -   Fold 3 results: AUC=0.6845, Acc=0.6098, F1=0.5789, BalAcc_tuned=0.6607, F1_tuned=0.6818 (thresh=0.217)
2026-07-16 12:40:33,933 - exp4 - INFO - Fold 4/5
2026-07-16 12:40:33,937 - exp4 - INFO -   Train: 163, Val: 41
2026-07-16 12:40:33,938 - exp4 - INFO -   Model parameters: 3,618
2026-07-16 12:40:33,939 - exp4 - INFO -   Class weights: [0.49079755 0.5092025 ]
2026-07-16 12:40:34,170 - exp4 - INFO -     Epoch 10: train_loss=0.7148, val_loss=0.6615, val_auc=0.6310
2026-07-16 12:40:34,400 - exp4 - INFO -     Epoch 20: train_loss=0.5108, val_loss=0.6861, val_auc=0.6143
2026-07-16 12:40:34,631 - exp4 - INFO -     Epoch 30: train_loss=0.5053, val_loss=0.7633, val_auc=0.6167
2026-07-16 12:40:34,862 - exp4 - INFO -     Epoch 40: train_loss=0.4853, val_loss=0.8129, val_auc=0.6619
2026-07-16 12:40:35,092 - exp4 - INFO -     Epoch 50: train_loss=0.2924, val_loss=0.9283, val_auc=0.6429
2026-07-16 12:40:35,323 - exp4 - INFO -     Epoch 60: train_loss=0.4189, val_loss=0.9973, val_auc=0.6214
2026-07-16 12:40:35,323 - exp4 - INFO -     Early stopping at epoch 60
2026-07-16 12:40:35,324 - exp4 - INFO -   Fold 4 results: AUC=0.6619, Acc=0.6341, F1=0.5714, BalAcc_tuned=0.6595, F1_tuned=0.6667 (thresh=0.252)
2026-07-16 12:40:35,324 - exp4 - INFO - Fold 5/5
2026-07-16 12:40:35,328 - exp4 - INFO -   Train: 164, Val: 40
2026-07-16 12:40:35,329 - exp4 - INFO -   Model parameters: 3,618
2026-07-16 12:40:35,330 - exp4 - INFO -   Class weights: [0.4878049 0.5121951]
2026-07-16 12:40:35,561 - exp4 - INFO -     Epoch 10: train_loss=0.6367, val_loss=0.7156, val_auc=0.6575
2026-07-16 12:40:35,791 - exp4 - INFO -     Epoch 20: train_loss=0.5720, val_loss=0.7096, val_auc=0.6700
2026-07-16 12:40:36,021 - exp4 - INFO -     Epoch 30: train_loss=0.4944, val_loss=0.6966, val_auc=0.6850
2026-07-16 12:40:36,252 - exp4 - INFO -     Epoch 40: train_loss=0.5385, val_loss=0.6843, val_auc=0.7150
2026-07-16 12:40:36,482 - exp4 - INFO -     Epoch 50: train_loss=0.5032, val_loss=0.7564, val_auc=0.6825
2026-07-16 12:40:36,713 - exp4 - INFO -     Epoch 60: train_loss=0.3759, val_loss=0.7940, val_auc=0.6825
2026-07-16 12:40:36,759 - exp4 - INFO -     Early stopping at epoch 62
2026-07-16 12:40:36,759 - exp4 - INFO -   Fold 5 results: AUC=0.7175, Acc=0.6750, F1=0.6486, BalAcc_tuned=0.7250, F1_tuned=0.6667 (thresh=0.623)
2026-07-16 12:40:36,759 - exp4 - INFO - Cross-validation complete:
2026-07-16 12:40:36,759 - exp4 - INFO -   auc: 0.6590 +/- 0.0573 (min=0.5500, max=0.7175)
2026-07-16 12:40:36,759 - exp4 - INFO -   accuracy: 0.6179 +/- 0.0458 (min=0.5366, max=0.6750)
2026-07-16 12:40:36,759 - exp4 - INFO -   f1: 0.5940 +/- 0.0415 (min=0.5366, max=0.6486)
2026-07-16 12:40:36,760 - exp4 - INFO -   f1_tuned: 0.6422 +/- 0.0719 (min=0.5000, max=0.6957)
2026-07-16 12:40:36,760 - exp4 - INFO -   balanced_acc_tuned: 0.6624 +/- 0.0381 (min=0.6048, max=0.7250)
2026-07-16 12:40:36,911 - exp4 - INFO - Per-fold predictions written to /fs04/scratch2/he12/carter/experiments/outputs/exp4_predictions/predictions_oof.json
2026-07-16 12:40:36,911 - exp4 - INFO - 
============================================================
2026-07-16 12:40:36,911 - exp4 - INFO - Running experiment: exp4b_attention
2026-07-16 12:40:36,911 - exp4 - INFO - ============================================================
2026-07-16 12:40:36,912 - exp4 - INFO - Running CV: model=attention
2026-07-16 12:40:36,918 - exp4 - INFO - Loaded 204 patients with valid outcomes
2026-07-16 12:40:36,918 - exp4 - INFO - Fold 1/5
2026-07-16 12:40:36,923 - exp4 - INFO -   Train: 163, Val: 41
/fs04/scratch2/he12/carter/experiments/exp4_baseline/models.py:125: UserWarning: enable_nested_tensor is True, but self.use_nested_tensor is False because encoder_layer.norm_first was True
  self.transformer = nn.TransformerEncoder(
2026-07-16 12:40:37,151 - exp4 - INFO -   Model parameters: 103,714
2026-07-16 12:40:37,151 - exp4 - INFO -   Class weights: [0.49079755 0.5092025 ]
/fs04/scratch2/he12/carter/experiments/.venv-others/lib/python3.10/site-packages/torch/autograd/graph.py:869: UserWarning: Memory Efficient attention defaults to a non-deterministic algorithm. To explicitly enable determinism call torch.use_deterministic_algorithms(True, warn_only=False). (Triggered internally at /pytorch/aten/src/ATen/native/transformers/cuda/attention_backward.cu:900.)
  return Variable._execution_engine.run_backward(  # Calls into the C++ engine to run the backward pass
2026-07-16 12:40:39,477 - exp4 - INFO -     Epoch 10: train_loss=0.7047, val_loss=0.6950, val_auc=0.4714
2026-07-16 12:40:40,169 - exp4 - INFO -     Epoch 20: train_loss=0.6904, val_loss=0.6931, val_auc=0.4857
2026-07-16 12:40:40,238 - exp4 - INFO -     Early stopping at epoch 21
2026-07-16 12:40:40,239 - exp4 - INFO -   Fold 1 results: AUC=0.5071, Acc=0.5122, F1=0.0000, BalAcc_tuned=0.5833, F1_tuned=0.5405 (thresh=0.372)
2026-07-16 12:40:40,239 - exp4 - INFO - Fold 2/5
2026-07-16 12:40:40,243 - exp4 - INFO -   Train: 163, Val: 41
/fs04/scratch2/he12/carter/experiments/exp4_baseline/models.py:125: UserWarning: enable_nested_tensor is True, but self.use_nested_tensor is False because encoder_layer.norm_first was True
  self.transformer = nn.TransformerEncoder(
2026-07-16 12:40:40,246 - exp4 - INFO -   Model parameters: 103,714
2026-07-16 12:40:40,247 - exp4 - INFO -   Class weights: [0.49079755 0.5092025 ]
2026-07-16 12:40:40,940 - exp4 - INFO -     Epoch 10: train_loss=0.7088, val_loss=0.6947, val_auc=0.3571
2026-07-16 12:40:41,633 - exp4 - INFO -     Epoch 20: train_loss=0.7188, val_loss=0.6935, val_auc=0.6810
2026-07-16 12:40:41,840 - exp4 - INFO -     Early stopping at epoch 23
2026-07-16 12:40:41,841 - exp4 - INFO -   Fold 2 results: AUC=0.6929, Acc=0.4878, F1=0.6557, BalAcc_tuned=0.7036, F1_tuned=0.6471 (thresh=0.637)
2026-07-16 12:40:41,841 - exp4 - INFO - Fold 3/5
2026-07-16 12:40:41,846 - exp4 - INFO -   Train: 163, Val: 41
/fs04/scratch2/he12/carter/experiments/exp4_baseline/models.py:125: UserWarning: enable_nested_tensor is True, but self.use_nested_tensor is False because encoder_layer.norm_first was True
  self.transformer = nn.TransformerEncoder(
2026-07-16 12:40:41,848 - exp4 - INFO -   Model parameters: 103,714
2026-07-16 12:40:41,849 - exp4 - INFO -   Class weights: [0.49079755 0.5092025 ]
2026-07-16 12:40:42,542 - exp4 - INFO -     Epoch 10: train_loss=0.6861, val_loss=0.6935, val_auc=0.5560
2026-07-16 12:40:43,232 - exp4 - INFO -     Epoch 20: train_loss=0.7297, val_loss=0.6930, val_auc=0.5583
2026-07-16 12:40:43,924 - exp4 - INFO -     Epoch 30: train_loss=0.7007, val_loss=0.6929, val_auc=0.4869
2026-07-16 12:40:44,410 - exp4 - INFO -     Early stopping at epoch 37
2026-07-16 12:40:44,410 - exp4 - INFO -   Fold 3 results: AUC=0.5726, Acc=0.4146, F1=0.5714, BalAcc_tuned=0.6571, F1_tuned=0.6316 (thresh=0.502)
2026-07-16 12:40:44,410 - exp4 - INFO - Fold 4/5
2026-07-16 12:40:44,415 - exp4 - INFO -   Train: 163, Val: 41
/fs04/scratch2/he12/carter/experiments/exp4_baseline/models.py:125: UserWarning: enable_nested_tensor is True, but self.use_nested_tensor is False because encoder_layer.norm_first was True
  self.transformer = nn.TransformerEncoder(
2026-07-16 12:40:44,418 - exp4 - INFO -   Model parameters: 103,714
2026-07-16 12:40:44,418 - exp4 - INFO -   Class weights: [0.49079755 0.5092025 ]
2026-07-16 12:40:45,111 - exp4 - INFO -     Epoch 10: train_loss=0.6825, val_loss=0.6950, val_auc=0.6060
2026-07-16 12:40:45,804 - exp4 - INFO -     Epoch 20: train_loss=0.6906, val_loss=0.6941, val_auc=0.5179
2026-07-16 12:40:46,497 - exp4 - INFO -     Epoch 30: train_loss=0.6803, val_loss=0.6939, val_auc=0.5524
2026-07-16 12:40:46,635 - exp4 - INFO -     Early stopping at epoch 32
2026-07-16 12:40:46,636 - exp4 - INFO -   Fold 4 results: AUC=0.6310, Acc=0.5122, F1=0.0000, BalAcc_tuned=0.6667, F1_tuned=0.7407 (thresh=0.478)
2026-07-16 12:40:46,636 - exp4 - INFO - Fold 5/5
2026-07-16 12:40:46,641 - exp4 - INFO -   Train: 164, Val: 40
/fs04/scratch2/he12/carter/experiments/exp4_baseline/models.py:125: UserWarning: enable_nested_tensor is True, but self.use_nested_tensor is False because encoder_layer.norm_first was True
  self.transformer = nn.TransformerEncoder(
2026-07-16 12:40:46,643 - exp4 - INFO -   Model parameters: 103,714
2026-07-16 12:40:46,644 - exp4 - INFO -   Class weights: [0.4878049 0.5121951]
2026-07-16 12:40:47,339 - exp4 - INFO -     Epoch 10: train_loss=0.7296, val_loss=0.6936, val_auc=0.4850
2026-07-16 12:40:48,033 - exp4 - INFO -     Epoch 20: train_loss=0.7420, val_loss=0.7087, val_auc=0.4775
2026-07-16 12:40:48,449 - exp4 - INFO -     Early stopping at epoch 26
2026-07-16 12:40:48,450 - exp4 - INFO -   Fold 5 results: AUC=0.5525, Acc=0.5000, F1=0.0000, BalAcc_tuned=0.6000, F1_tuned=0.5556 (thresh=0.471)
2026-07-16 12:40:48,450 - exp4 - INFO - Cross-validation complete:
2026-07-16 12:40:48,450 - exp4 - INFO -   auc: 0.5912 +/- 0.0645 (min=0.5071, max=0.6929)
2026-07-16 12:40:48,450 - exp4 - INFO -   accuracy: 0.4854 +/- 0.0365 (min=0.4146, max=0.5122)
2026-07-16 12:40:48,450 - exp4 - INFO -   f1: 0.2454 +/- 0.3018 (min=0.0000, max=0.6557)
2026-07-16 12:40:48,450 - exp4 - INFO -   f1_tuned: 0.6231 +/- 0.0719 (min=0.5405, max=0.7407)
2026-07-16 12:40:48,450 - exp4 - INFO -   balanced_acc_tuned: 0.6421 +/- 0.0443 (min=0.5833, max=0.7036)
2026-07-16 12:40:48,453 - exp4 - INFO - Per-fold predictions written to /fs04/scratch2/he12/carter/experiments/outputs/exp4_predictions/predictions_oof.json
2026-07-16 12:40:48,458 - exp4 - INFO - Results saved to /fs04/scratch2/he12/carter/experiments/outputs/exp4_results/results_20260716_124048.json
2026-07-16 12:40:56,557 - exp5 - INFO - Using device: cuda
2026-07-16 12:40:56,557 - exp5 - INFO - Running 5 experiment(s)
2026-07-16 12:40:56,557 - exp5 - INFO - 
============================================================
2026-07-16 12:40:56,558 - exp5 - INFO - Running experiment: exp5a_chemberta (ASM balance: none)
2026-07-16 12:40:56,558 - exp5 - INFO - ============================================================
2026-07-16 12:40:56,559 - exp5 - INFO - Running CV: Clinical + SMILES (chemberta) with multilabel stratification
2026-07-16 12:40:56,559 - exp5 - INFO - Preparing Clinical + SMILES data: chemberta
2026-07-16 12:40:56,686 - exp5 - INFO - Loaded 204 patients with valid outcomes
2026-07-16 12:40:56,809 - exp5 - INFO - Loaded SMILES embeddings: shape=(15, 768)
2026-07-16 12:40:56,809 - exp5 - INFO - Patients with valid SMILES: 204
2026-07-16 12:40:56,874 - exp5 - INFO - Fold 1/5
2026-07-16 12:40:56,880 - exp5 - INFO -   Train: 164, Val: 40
2026-07-16 12:40:57,091 - exp5 - INFO -   Model parameters: 59,266
2026-07-16 12:40:57,093 - exp5 - INFO -   Class weights: [0.4878049 0.5121951]
2026-07-16 12:40:57,586 - exp5 - INFO -     Epoch 10: train_loss=0.6464, val_loss=0.7442, val_auc=0.5862
2026-07-16 12:40:57,874 - exp5 - INFO -     Epoch 20: train_loss=0.4714, val_loss=0.9151, val_auc=0.5637
2026-07-16 12:40:58,163 - exp5 - INFO -     Epoch 30: train_loss=0.4482, val_loss=1.0269, val_auc=0.5713
2026-07-16 12:40:58,163 - exp5 - INFO -     Early stopping at epoch 30
2026-07-16 12:40:58,163 - exp5 - INFO -   Fold 1 results: AUC=0.5862, BalAcc_tuned=0.6000
2026-07-16 12:40:58,163 - exp5 - INFO - Fold 2/5
2026-07-16 12:40:58,168 - exp5 - INFO -   Train: 163, Val: 41
2026-07-16 12:40:58,169 - exp5 - INFO -   Model parameters: 59,266
2026-07-16 12:40:58,170 - exp5 - INFO -   Class weights: [0.49079755 0.5092025 ]
2026-07-16 12:40:58,448 - exp5 - INFO -     Epoch 10: train_loss=0.7416, val_loss=0.5727, val_auc=0.7214
2026-07-16 12:40:58,725 - exp5 - INFO -     Epoch 20: train_loss=0.5765, val_loss=0.5806, val_auc=0.7429
2026-07-16 12:40:59,004 - exp5 - INFO -     Epoch 30: train_loss=0.4884, val_loss=0.6502, val_auc=0.7143
2026-07-16 12:40:59,116 - exp5 - INFO -     Early stopping at epoch 34
2026-07-16 12:40:59,116 - exp5 - INFO -   Fold 2 results: AUC=0.7643, BalAcc_tuned=0.7512
2026-07-16 12:40:59,117 - exp5 - INFO - Fold 3/5
2026-07-16 12:40:59,121 - exp5 - INFO -   Train: 163, Val: 41
2026-07-16 12:40:59,123 - exp5 - INFO -   Model parameters: 59,266
2026-07-16 12:40:59,124 - exp5 - INFO -   Class weights: [0.49079755 0.5092025 ]
2026-07-16 12:40:59,401 - exp5 - INFO -     Epoch 10: train_loss=0.6378, val_loss=0.7117, val_auc=0.6071
2026-07-16 12:40:59,677 - exp5 - INFO -     Epoch 20: train_loss=0.5775, val_loss=0.7772, val_auc=0.6214
2026-07-16 12:40:59,953 - exp5 - INFO -     Epoch 30: train_loss=0.4693, val_loss=0.8470, val_auc=0.6357
2026-07-16 12:40:59,981 - exp5 - INFO -     Early stopping at epoch 31
2026-07-16 12:40:59,981 - exp5 - INFO -   Fold 3 results: AUC=0.6690, BalAcc_tuned=0.7060
2026-07-16 12:40:59,982 - exp5 - INFO - Fold 4/5
2026-07-16 12:40:59,986 - exp5 - INFO -   Train: 163, Val: 41
2026-07-16 12:40:59,988 - exp5 - INFO -   Model parameters: 59,266
2026-07-16 12:40:59,988 - exp5 - INFO -   Class weights: [0.49079755 0.5092025 ]
2026-07-16 12:41:00,265 - exp5 - INFO -     Epoch 10: train_loss=0.6827, val_loss=0.6178, val_auc=0.7060
2026-07-16 12:41:00,541 - exp5 - INFO -     Epoch 20: train_loss=0.4998, val_loss=0.5890, val_auc=0.7488
2026-07-16 12:41:00,817 - exp5 - INFO -     Epoch 30: train_loss=0.4952, val_loss=0.5992, val_auc=0.7583
2026-07-16 12:41:01,093 - exp5 - INFO -     Epoch 40: train_loss=0.4227, val_loss=0.6379, val_auc=0.7179
2026-07-16 12:41:01,368 - exp5 - INFO -     Epoch 50: train_loss=0.4625, val_loss=0.6711, val_auc=0.7226
2026-07-16 12:41:01,396 - exp5 - INFO -     Early stopping at epoch 51
2026-07-16 12:41:01,397 - exp5 - INFO -   Fold 4 results: AUC=0.7821, BalAcc_tuned=0.7810
2026-07-16 12:41:01,397 - exp5 - INFO - Fold 5/5
2026-07-16 12:41:01,401 - exp5 - INFO -   Train: 163, Val: 41
2026-07-16 12:41:01,403 - exp5 - INFO -   Model parameters: 59,266
2026-07-16 12:41:01,404 - exp5 - INFO -   Class weights: [0.49079755 0.5092025 ]
2026-07-16 12:41:01,680 - exp5 - INFO -     Epoch 10: train_loss=0.6261, val_loss=0.7859, val_auc=0.5786
2026-07-16 12:41:01,960 - exp5 - INFO -     Epoch 20: train_loss=0.5458, val_loss=0.9251, val_auc=0.5405
2026-07-16 12:41:02,235 - exp5 - INFO -     Epoch 30: train_loss=0.4571, val_loss=0.9730, val_auc=0.5429
2026-07-16 12:41:02,373 - exp5 - INFO -     Early stopping at epoch 35
2026-07-16 12:41:02,374 - exp5 - INFO -   Fold 5 results: AUC=0.6095, BalAcc_tuned=0.6524
2026-07-16 12:41:02,374 - exp5 - INFO - Cross-validation complete:
2026-07-16 12:41:02,374 - exp5 - INFO -   auc: 0.6823 +/- 0.0792 (min=0.5862, max=0.7821)
2026-07-16 12:41:02,374 - exp5 - INFO -   accuracy: 0.6417 +/- 0.0621 (min=0.5500, max=0.7317)
2026-07-16 12:41:02,374 - exp5 - INFO -   f1: 0.6178 +/- 0.0909 (min=0.4706, max=0.7556)
2026-07-16 12:41:02,374 - exp5 - INFO -   f1_tuned: 0.6704 +/- 0.0793 (min=0.5333, max=0.7805)
2026-07-16 12:41:02,374 - exp5 - INFO -   balanced_acc_tuned: 0.6981 +/- 0.0655 (min=0.6000, max=0.7810)
2026-07-16 12:41:02,397 - exp5 - INFO - Per-fold predictions written to /fs04/scratch2/he12/carter/experiments/outputs/exp5_predictions/predictions_oof_exp5a_chemberta.json
2026-07-16 12:41:02,397 - exp5 - INFO - 
============================================================
2026-07-16 12:41:02,397 - exp5 - INFO - Running experiment: exp5a_smilestrf (ASM balance: none)
2026-07-16 12:41:02,397 - exp5 - INFO - ============================================================
2026-07-16 12:41:02,397 - exp5 - INFO - Running CV: Clinical + SMILES (smilestrf) with multilabel stratification
2026-07-16 12:41:02,397 - exp5 - INFO - Preparing Clinical + SMILES data: smilestrf
2026-07-16 12:41:02,404 - exp5 - INFO - Loaded 204 patients with valid outcomes
2026-07-16 12:41:02,551 - exp5 - INFO - Loaded SMILES embeddings: shape=(15, 256)
2026-07-16 12:41:02,552 - exp5 - INFO - Patients with valid SMILES: 204
2026-07-16 12:41:02,556 - exp5 - INFO - Fold 1/5
2026-07-16 12:41:02,561 - exp5 - INFO -   Train: 164, Val: 40
2026-07-16 12:41:02,562 - exp5 - INFO -   Model parameters: 26,498
2026-07-16 12:41:02,563 - exp5 - INFO -   Class weights: [0.4878049 0.5121951]
2026-07-16 12:41:02,839 - exp5 - INFO -     Epoch 10: train_loss=0.6533, val_loss=0.7792, val_auc=0.5413
2026-07-16 12:41:03,114 - exp5 - INFO -     Epoch 20: train_loss=0.5734, val_loss=0.8000, val_auc=0.6338
2026-07-16 12:41:03,388 - exp5 - INFO -     Epoch 30: train_loss=0.5540, val_loss=0.8758, val_auc=0.6412
2026-07-16 12:41:03,666 - exp5 - INFO -     Epoch 40: train_loss=0.4548, val_loss=1.0186, val_auc=0.6312
2026-07-16 12:41:03,940 - exp5 - INFO -     Epoch 50: train_loss=0.3104, val_loss=1.1323, val_auc=0.6387
2026-07-16 12:41:04,077 - exp5 - INFO -     Early stopping at epoch 55
2026-07-16 12:41:04,078 - exp5 - INFO -   Fold 1 results: AUC=0.6512, BalAcc_tuned=0.7000
2026-07-16 12:41:04,078 - exp5 - INFO - Fold 2/5
2026-07-16 12:41:04,083 - exp5 - INFO -   Train: 163, Val: 41
2026-07-16 12:41:04,084 - exp5 - INFO -   Model parameters: 26,498
2026-07-16 12:41:04,085 - exp5 - INFO -   Class weights: [0.49079755 0.5092025 ]
2026-07-16 12:41:04,360 - exp5 - INFO -     Epoch 10: train_loss=0.5854, val_loss=0.6456, val_auc=0.6619
2026-07-16 12:41:04,634 - exp5 - INFO -     Epoch 20: train_loss=0.5208, val_loss=0.6167, val_auc=0.6976
2026-07-16 12:41:04,909 - exp5 - INFO -     Epoch 30: train_loss=0.4426, val_loss=0.6703, val_auc=0.6714
2026-07-16 12:41:05,101 - exp5 - INFO -     Early stopping at epoch 37
2026-07-16 12:41:05,101 - exp5 - INFO -   Fold 2 results: AUC=0.7214, BalAcc_tuned=0.7786
2026-07-16 12:41:05,101 - exp5 - INFO - Fold 3/5
2026-07-16 12:41:05,106 - exp5 - INFO -   Train: 163, Val: 41
2026-07-16 12:41:05,107 - exp5 - INFO -   Model parameters: 26,498
2026-07-16 12:41:05,108 - exp5 - INFO -   Class weights: [0.49079755 0.5092025 ]
2026-07-16 12:41:05,383 - exp5 - INFO -     Epoch 10: train_loss=0.6512, val_loss=0.7198, val_auc=0.5738
2026-07-16 12:41:05,657 - exp5 - INFO -     Epoch 20: train_loss=0.6231, val_loss=0.7099, val_auc=0.6548
2026-07-16 12:41:05,932 - exp5 - INFO -     Epoch 30: train_loss=0.4197, val_loss=0.8073, val_auc=0.6500
2026-07-16 12:41:06,206 - exp5 - INFO -     Epoch 40: train_loss=0.3924, val_loss=0.7939, val_auc=0.6714
2026-07-16 12:41:06,481 - exp5 - INFO -     Epoch 50: train_loss=0.3000, val_loss=0.8976, val_auc=0.6786
2026-07-16 12:41:06,756 - exp5 - INFO -     Epoch 60: train_loss=0.3163, val_loss=0.8848, val_auc=0.6619
2026-07-16 12:41:06,784 - exp5 - INFO -     Early stopping at epoch 61
2026-07-16 12:41:06,784 - exp5 - INFO -   Fold 3 results: AUC=0.6857, BalAcc_tuned=0.7107
2026-07-16 12:41:06,784 - exp5 - INFO - Fold 4/5
2026-07-16 12:41:06,789 - exp5 - INFO -   Train: 163, Val: 41
2026-07-16 12:41:06,790 - exp5 - INFO -   Model parameters: 26,498
2026-07-16 12:41:06,791 - exp5 - INFO -   Class weights: [0.49079755 0.5092025 ]
2026-07-16 12:41:07,066 - exp5 - INFO -     Epoch 10: train_loss=0.7479, val_loss=0.6694, val_auc=0.6798
2026-07-16 12:41:07,340 - exp5 - INFO -     Epoch 20: train_loss=0.5483, val_loss=0.6714, val_auc=0.6821
2026-07-16 12:41:07,615 - exp5 - INFO -     Epoch 30: train_loss=0.4053, val_loss=0.7444, val_auc=0.6369
2026-07-16 12:41:07,697 - exp5 - INFO -     Early stopping at epoch 33
2026-07-16 12:41:07,698 - exp5 - INFO -   Fold 4 results: AUC=0.6917, BalAcc_tuned=0.6845
2026-07-16 12:41:07,698 - exp5 - INFO - Fold 5/5
2026-07-16 12:41:07,703 - exp5 - INFO -   Train: 163, Val: 41
2026-07-16 12:41:07,704 - exp5 - INFO -   Model parameters: 26,498
2026-07-16 12:41:07,704 - exp5 - INFO -   Class weights: [0.49079755 0.5092025 ]
2026-07-16 12:41:07,979 - exp5 - INFO -     Epoch 10: train_loss=0.6648, val_loss=0.7255, val_auc=0.6286
2026-07-16 12:41:08,254 - exp5 - INFO -     Epoch 20: train_loss=0.5222, val_loss=0.6924, val_auc=0.6810
2026-07-16 12:41:08,529 - exp5 - INFO -     Epoch 30: train_loss=0.4803, val_loss=0.7779, val_auc=0.6333
2026-07-16 12:41:08,776 - exp5 - INFO -     Early stopping at epoch 39
2026-07-16 12:41:08,776 - exp5 - INFO -   Fold 5 results: AUC=0.6881, BalAcc_tuned=0.7071
2026-07-16 12:41:08,776 - exp5 - INFO - Cross-validation complete:
2026-07-16 12:41:08,776 - exp5 - INFO -   auc: 0.6876 +/- 0.0223 (min=0.6512, max=0.7214)
2026-07-16 12:41:08,776 - exp5 - INFO -   accuracy: 0.6416 +/- 0.0736 (min=0.5250, max=0.7317)
2026-07-16 12:41:08,777 - exp5 - INFO -   f1: 0.6309 +/- 0.0938 (min=0.4865, max=0.7317)
2026-07-16 12:41:08,777 - exp5 - INFO -   f1_tuned: 0.7265 +/- 0.0235 (min=0.6977, max=0.7568)
2026-07-16 12:41:08,777 - exp5 - INFO -   balanced_acc_tuned: 0.7162 +/- 0.0325 (min=0.6845, max=0.7786)
2026-07-16 12:41:08,813 - exp5 - INFO - Per-fold predictions written to /fs04/scratch2/he12/carter/experiments/outputs/exp5_predictions/predictions_oof_exp5a_smilestrf.json
2026-07-16 12:41:08,814 - exp5 - INFO - 
============================================================
2026-07-16 12:41:08,814 - exp5 - INFO - Running experiment: exp5b_clinicalbert (ASM balance: none)
2026-07-16 12:41:08,814 - exp5 - INFO - ============================================================
2026-07-16 12:41:08,814 - exp5 - INFO - Running CV: Clinical + Text (clinicalbert) with multilabel stratification
2026-07-16 12:41:08,814 - exp5 - INFO - Preparing Clinical + Text data: clinicalbert
2026-07-16 12:41:08,854 - exp5 - INFO - Loaded text embeddings for 117 patients
2026-07-16 12:41:08,854 - exp5 - INFO - Patients with valid text embeddings: 121
2026-07-16 12:41:08,857 - exp5 - INFO - Fold 1/5
2026-07-16 12:41:08,887 - exp5 - INFO -   Train: 97, Val: 24
Traceback (most recent call last):
  File "/home/carterf/.local/share/uv/python/cpython-3.10.19-linux-x86_64-gnu/lib/python3.10/runpy.py", line 196, in _run_module_as_main
    return _run_code(code, main_globals, None,
  File "/home/carterf/.local/share/uv/python/cpython-3.10.19-linux-x86_64-gnu/lib/python3.10/runpy.py", line 86, in _run_code
    exec(code, run_globals)
  File "/fs04/scratch2/he12/carter/experiments/exp5_clinical_fusion/run_experiments.py", line 292, in <module>
    main()
  File "/fs04/scratch2/he12/carter/experiments/exp5_clinical_fusion/run_experiments.py", line 271, in main
    all_results = run_all_experiments(
  File "/fs04/scratch2/he12/carter/experiments/exp5_clinical_fusion/run_experiments.py", line 124, in run_all_experiments
    results = run_experiment(
  File "/fs04/scratch2/he12/carter/experiments/exp5_clinical_fusion/run_experiments.py", line 75, in run_experiment
    fold_metrics = run_cross_validation_text(
  File "/fs04/scratch2/he12/carter/experiments/exp5_clinical_fusion/training.py", line 592, in run_cross_validation_text
    metrics = train_fold(
  File "/fs04/scratch2/he12/carter/experiments/exp5_clinical_fusion/training.py", line 335, in train_fold
    train_asm_labels = list(train_dataset.asm_drugs)
AttributeError: 'ClinicalTextDataset' object has no attribute 'asm_drugs'
2026-07-16 12:41:13,915 - exp6 - INFO - Using device: cuda
2026-07-16 12:41:13,916 - exp6 - INFO - Running 6 experiment(s)
2026-07-16 12:41:13,916 - exp6 - INFO - 
============================================================
2026-07-16 12:41:13,916 - exp6 - INFO - Running experiment: exp6a_clinicalbert_chemberta
2026-07-16 12:41:13,916 - exp6 - INFO - ============================================================
2026-07-16 12:41:13,917 - exp6 - INFO - Running CV: Clinical + SMILES + Text (chemberta, clinicalbert)
2026-07-16 12:41:13,917 - exp6 - INFO - Preparing Clinical + SMILES + Text data: chemberta, clinicalbert
2026-07-16 12:41:13,928 - exp6 - INFO - Loaded SMILES embeddings: shape=(15, 768)
2026-07-16 12:41:13,939 - exp6 - INFO - Loaded text embeddings for 117 patients
2026-07-16 12:41:14,067 - exp6 - INFO - Patients with valid SMILES and text: 121
2026-07-16 12:41:14,068 - exp6 - INFO - Fold 1/5
2026-07-16 12:41:14,073 - exp6 - INFO -   Train: 96, Val: 25
2026-07-16 12:41:14,205 - exp6 - INFO -   Model parameters: 112,706
2026-07-16 12:41:14,206 - exp6 - INFO -   Class weights: [0.53125 0.46875]
2026-07-16 12:41:14,621 - exp6 - INFO -     Epoch 10: train_loss=0.6111, val_loss=0.6655, val_auc=0.7115
2026-07-16 12:41:14,830 - exp6 - INFO -     Epoch 20: train_loss=0.4569, val_loss=0.7182, val_auc=0.7436
2026-07-16 12:41:15,039 - exp6 - INFO -     Epoch 30: train_loss=0.4564, val_loss=0.7250, val_auc=0.7436
2026-07-16 12:41:15,248 - exp6 - INFO -     Epoch 40: train_loss=0.3503, val_loss=0.9198, val_auc=0.7436
2026-07-16 12:41:15,352 - exp6 - INFO -     Early stopping at epoch 45
2026-07-16 12:41:15,353 - exp6 - INFO -   Fold 1 results: AUC=0.7756, BalAcc_tuned=0.7596
2026-07-16 12:41:15,353 - exp6 - INFO - Fold 2/5
2026-07-16 12:41:15,358 - exp6 - INFO -   Train: 97, Val: 24
2026-07-16 12:41:15,360 - exp6 - INFO -   Model parameters: 112,706
2026-07-16 12:41:15,360 - exp6 - INFO -   Class weights: [0.53608245 0.46391752]
2026-07-16 12:41:15,833 - exp6 - INFO -     Epoch 10: train_loss=0.6968, val_loss=0.9361, val_auc=0.3889
2026-07-16 12:41:16,058 - exp6 - INFO -     Epoch 20: train_loss=0.4604, val_loss=0.9733, val_auc=0.4375
2026-07-16 12:41:16,101 - exp6 - INFO -     Early stopping at epoch 22
2026-07-16 12:41:16,102 - exp6 - INFO -   Fold 2 results: AUC=0.6042, BalAcc_tuned=0.6667
2026-07-16 12:41:16,102 - exp6 - INFO - Fold 3/5
2026-07-16 12:41:16,107 - exp6 - INFO -   Train: 97, Val: 24
2026-07-16 12:41:16,109 - exp6 - INFO -   Model parameters: 112,706
2026-07-16 12:41:16,109 - exp6 - INFO -   Class weights: [0.52577317 0.4742268 ]
2026-07-16 12:41:16,333 - exp6 - INFO -     Epoch 10: train_loss=0.6113, val_loss=0.8999, val_auc=0.5105
2026-07-16 12:41:16,560 - exp6 - INFO -     Epoch 20: train_loss=0.4976, val_loss=0.9838, val_auc=0.6154
2026-07-16 12:41:16,786 - exp6 - INFO -     Epoch 30: train_loss=0.3617, val_loss=1.2311, val_auc=0.5524
2026-07-16 12:41:16,963 - exp6 - INFO -     Early stopping at epoch 38
2026-07-16 12:41:16,963 - exp6 - INFO -   Fold 3 results: AUC=0.6224, BalAcc_tuned=0.6783
2026-07-16 12:41:16,963 - exp6 - INFO - Fold 4/5
2026-07-16 12:41:16,968 - exp6 - INFO -   Train: 97, Val: 24
2026-07-16 12:41:16,970 - exp6 - INFO -   Model parameters: 112,706
2026-07-16 12:41:16,971 - exp6 - INFO -   Class weights: [0.52577317 0.4742268 ]
2026-07-16 12:41:17,194 - exp6 - INFO -     Epoch 10: train_loss=0.6718, val_loss=0.8133, val_auc=0.6014
2026-07-16 12:41:17,418 - exp6 - INFO -     Epoch 20: train_loss=0.6772, val_loss=0.9709, val_auc=0.5315
2026-07-16 12:41:17,486 - exp6 - INFO -     Early stopping at epoch 23
2026-07-16 12:41:17,486 - exp6 - INFO -   Fold 4 results: AUC=0.6294, BalAcc_tuned=0.6503
2026-07-16 12:41:17,486 - exp6 - INFO - Fold 5/5
2026-07-16 12:41:17,491 - exp6 - INFO -   Train: 97, Val: 24
2026-07-16 12:41:17,493 - exp6 - INFO -   Model parameters: 112,706
2026-07-16 12:41:17,494 - exp6 - INFO -   Class weights: [0.52577317 0.4742268 ]
2026-07-16 12:41:17,718 - exp6 - INFO -     Epoch 10: train_loss=0.6282, val_loss=0.7619, val_auc=0.6713
2026-07-16 12:41:17,943 - exp6 - INFO -     Epoch 20: train_loss=0.7731, val_loss=0.8182, val_auc=0.7063
2026-07-16 12:41:18,166 - exp6 - INFO -     Epoch 30: train_loss=0.4499, val_loss=0.9399, val_auc=0.6643
2026-07-16 12:41:18,344 - exp6 - INFO -     Early stopping at epoch 38
2026-07-16 12:41:18,344 - exp6 - INFO -   Fold 5 results: AUC=0.7133, BalAcc_tuned=0.7168
2026-07-16 12:41:18,345 - exp6 - INFO - Cross-validation complete:
2026-07-16 12:41:18,345 - exp6 - INFO -   auc: 0.6690 +/- 0.0652 (min=0.6042, max=0.7756)
2026-07-16 12:41:18,345 - exp6 - INFO -   accuracy: 0.6270 +/- 0.0684 (min=0.5833, max=0.7600)
2026-07-16 12:41:18,345 - exp6 - INFO -   f1: 0.5739 +/- 0.1524 (min=0.3750, max=0.8000)
2026-07-16 12:41:18,345 - exp6 - INFO -   f1_tuned: 0.6780 +/- 0.0754 (min=0.5556, max=0.7692)
2026-07-16 12:41:18,345 - exp6 - INFO -   balanced_acc_tuned: 0.6943 +/- 0.0393 (min=0.6503, max=0.7596)
2026-07-16 12:41:18,615 - exp6 - INFO - Per-fold predictions written to /fs04/scratch2/he12/carter/experiments/outputs/exp6_predictions/predictions_oof_exp6a_clinicalbert_chemberta.json
2026-07-16 12:41:18,615 - exp6 - INFO - 
============================================================
2026-07-16 12:41:18,615 - exp6 - INFO - Running experiment: exp6a_clinicalbert_smilestrf
2026-07-16 12:41:18,615 - exp6 - INFO - ============================================================
2026-07-16 12:41:18,615 - exp6 - INFO - Running CV: Clinical + SMILES + Text (smilestrf, clinicalbert)
2026-07-16 12:41:18,615 - exp6 - INFO - Preparing Clinical + SMILES + Text data: smilestrf, clinicalbert
2026-07-16 12:41:18,624 - exp6 - INFO - Loaded SMILES embeddings: shape=(15, 256)
2026-07-16 12:41:18,634 - exp6 - INFO - Loaded text embeddings for 117 patients
2026-07-16 12:41:18,635 - exp6 - INFO - Patients with valid SMILES and text: 121
2026-07-16 12:41:18,636 - exp6 - INFO - Fold 1/5
2026-07-16 12:41:18,640 - exp6 - INFO -   Train: 96, Val: 25
2026-07-16 12:41:18,642 - exp6 - INFO -   Model parameters: 79,938
2026-07-16 12:41:18,643 - exp6 - INFO -   Class weights: [0.53125 0.46875]
2026-07-16 12:41:18,844 - exp6 - INFO -     Epoch 10: train_loss=0.5577, val_loss=0.6571, val_auc=0.7115
2026-07-16 12:41:19,045 - exp6 - INFO -     Epoch 20: train_loss=0.5433, val_loss=0.7029, val_auc=0.7628
2026-07-16 12:41:19,243 - exp6 - INFO -     Epoch 30: train_loss=0.4027, val_loss=0.7652, val_auc=0.7564
2026-07-16 12:41:19,444 - exp6 - INFO -     Epoch 40: train_loss=0.4275, val_loss=0.8112, val_auc=0.7756
2026-07-16 12:41:19,648 - exp6 - INFO -     Epoch 50: train_loss=0.2366, val_loss=1.1886, val_auc=0.7179
2026-07-16 12:41:19,848 - exp6 - INFO -     Epoch 60: train_loss=0.1173, val_loss=1.1397, val_auc=0.7436
2026-07-16 12:41:19,888 - exp6 - INFO -     Early stopping at epoch 62
2026-07-16 12:41:19,889 - exp6 - INFO -   Fold 1 results: AUC=0.8013, BalAcc_tuned=0.7564
2026-07-16 12:41:19,889 - exp6 - INFO - Fold 2/5
2026-07-16 12:41:19,894 - exp6 - INFO -   Train: 97, Val: 24
2026-07-16 12:41:19,896 - exp6 - INFO -   Model parameters: 79,938
2026-07-16 12:41:19,897 - exp6 - INFO -   Class weights: [0.53608245 0.46391752]
2026-07-16 12:41:20,117 - exp6 - INFO -     Epoch 10: train_loss=0.5278, val_loss=0.7458, val_auc=0.5347
2026-07-16 12:41:20,339 - exp6 - INFO -     Epoch 20: train_loss=0.5430, val_loss=0.9006, val_auc=0.5139
2026-07-16 12:41:20,366 - exp6 - INFO -     Early stopping at epoch 21
2026-07-16 12:41:20,366 - exp6 - INFO -   Fold 2 results: AUC=0.7778, BalAcc_tuned=0.7917
2026-07-16 12:41:20,366 - exp6 - INFO - Fold 3/5
2026-07-16 12:41:20,371 - exp6 - INFO -   Train: 97, Val: 24
2026-07-16 12:41:20,373 - exp6 - INFO -   Model parameters: 79,938
2026-07-16 12:41:20,373 - exp6 - INFO -   Class weights: [0.52577317 0.4742268 ]
2026-07-16 12:41:20,592 - exp6 - INFO -     Epoch 10: train_loss=0.5468, val_loss=0.7040, val_auc=0.6364
2026-07-16 12:41:20,812 - exp6 - INFO -     Epoch 20: train_loss=0.4888, val_loss=0.9026, val_auc=0.6434
2026-07-16 12:41:20,835 - exp6 - INFO -     Early stopping at epoch 21
2026-07-16 12:41:20,836 - exp6 - INFO -   Fold 3 results: AUC=0.6993, BalAcc_tuned=0.7483
2026-07-16 12:41:20,836 - exp6 - INFO - Fold 4/5
2026-07-16 12:41:20,840 - exp6 - INFO -   Train: 97, Val: 24
2026-07-16 12:41:20,842 - exp6 - INFO -   Model parameters: 79,938
2026-07-16 12:41:20,843 - exp6 - INFO -   Class weights: [0.52577317 0.4742268 ]
2026-07-16 12:41:21,067 - exp6 - INFO -     Epoch 10: train_loss=0.6266, val_loss=0.6856, val_auc=0.6294
2026-07-16 12:41:21,290 - exp6 - INFO -     Epoch 20: train_loss=0.6343, val_loss=0.8985, val_auc=0.5245
2026-07-16 12:41:21,514 - exp6 - INFO -     Epoch 30: train_loss=0.4599, val_loss=0.8270, val_auc=0.5944
2026-07-16 12:41:21,647 - exp6 - INFO -     Early stopping at epoch 36
2026-07-16 12:41:21,648 - exp6 - INFO -   Fold 4 results: AUC=0.6503, BalAcc_tuned=0.6783
2026-07-16 12:41:21,648 - exp6 - INFO - Fold 5/5
2026-07-16 12:41:21,652 - exp6 - INFO -   Train: 97, Val: 24
2026-07-16 12:41:21,654 - exp6 - INFO -   Model parameters: 79,938
2026-07-16 12:41:21,655 - exp6 - INFO -   Class weights: [0.52577317 0.4742268 ]
2026-07-16 12:41:21,877 - exp6 - INFO -     Epoch 10: train_loss=0.5427, val_loss=0.7101, val_auc=0.6434
2026-07-16 12:41:22,097 - exp6 - INFO -     Epoch 20: train_loss=0.6531, val_loss=0.8145, val_auc=0.6294
2026-07-16 12:41:22,321 - exp6 - INFO -     Epoch 30: train_loss=0.3431, val_loss=0.9480, val_auc=0.6643
2026-07-16 12:41:22,543 - exp6 - INFO -     Epoch 40: train_loss=0.2857, val_loss=1.1626, val_auc=0.6573
2026-07-16 12:41:22,632 - exp6 - INFO -     Early stopping at epoch 44
2026-07-16 12:41:22,633 - exp6 - INFO -   Fold 5 results: AUC=0.6923, BalAcc_tuned=0.7168
2026-07-16 12:41:22,633 - exp6 - INFO - Cross-validation complete:
2026-07-16 12:41:22,633 - exp6 - INFO -   auc: 0.7242 +/- 0.0564 (min=0.6503, max=0.8013)
2026-07-16 12:41:22,633 - exp6 - INFO -   accuracy: 0.6527 +/- 0.0633 (min=0.5833, max=0.7500)
2026-07-16 12:41:22,633 - exp6 - INFO -   f1: 0.6647 +/- 0.0867 (min=0.5000, max=0.7500)
2026-07-16 12:41:22,633 - exp6 - INFO -   f1_tuned: 0.7339 +/- 0.0588 (min=0.6364, max=0.7857)
2026-07-16 12:41:22,633 - exp6 - INFO -   balanced_acc_tuned: 0.7383 +/- 0.0383 (min=0.6783, max=0.7917)
2026-07-16 12:41:22,684 - exp6 - INFO - Per-fold predictions written to /fs04/scratch2/he12/carter/experiments/outputs/exp6_predictions/predictions_oof_exp6a_clinicalbert_smilestrf.json
2026-07-16 12:41:22,684 - exp6 - INFO - 
============================================================
2026-07-16 12:41:22,684 - exp6 - INFO - Running experiment: exp6a_pubmedbert_chemberta
2026-07-16 12:41:22,684 - exp6 - INFO - ============================================================
2026-07-16 12:41:22,684 - exp6 - INFO - Running CV: Clinical + SMILES + Text (chemberta, pubmedbert)
2026-07-16 12:41:22,684 - exp6 - INFO - Preparing Clinical + SMILES + Text data: chemberta, pubmedbert
2026-07-16 12:41:22,694 - exp6 - INFO - Loaded SMILES embeddings: shape=(15, 768)
2026-07-16 12:41:22,704 - exp6 - INFO - Loaded text embeddings for 117 patients
2026-07-16 12:41:22,705 - exp6 - INFO - Patients with valid SMILES and text: 121
2026-07-16 12:41:22,705 - exp6 - INFO - Fold 1/5
2026-07-16 12:41:22,710 - exp6 - INFO -   Train: 96, Val: 25
2026-07-16 12:41:22,712 - exp6 - INFO -   Model parameters: 112,706
2026-07-16 12:41:22,713 - exp6 - INFO -   Class weights: [0.53125 0.46875]
2026-07-16 12:41:22,914 - exp6 - INFO -     Epoch 10: train_loss=0.5378, val_loss=0.6890, val_auc=0.6282
2026-07-16 12:41:23,114 - exp6 - INFO -     Epoch 20: train_loss=0.4891, val_loss=1.2921, val_auc=0.5641
2026-07-16 12:41:23,134 - exp6 - INFO -     Early stopping at epoch 21
2026-07-16 12:41:23,135 - exp6 - INFO -   Fold 1 results: AUC=0.7244, BalAcc_tuned=0.7244
2026-07-16 12:41:23,135 - exp6 - INFO - Fold 2/5
2026-07-16 12:41:23,140 - exp6 - INFO -   Train: 97, Val: 24
2026-07-16 12:41:23,142 - exp6 - INFO -   Model parameters: 112,706
2026-07-16 12:41:23,142 - exp6 - INFO -   Class weights: [0.53608245 0.46391752]
2026-07-16 12:41:23,364 - exp6 - INFO -     Epoch 10: train_loss=0.6454, val_loss=0.7594, val_auc=0.5139
2026-07-16 12:41:23,588 - exp6 - INFO -     Epoch 20: train_loss=0.5819, val_loss=1.1224, val_auc=0.5486
2026-07-16 12:41:23,632 - exp6 - INFO -     Early stopping at epoch 22
2026-07-16 12:41:23,632 - exp6 - INFO -   Fold 2 results: AUC=0.7639, BalAcc_tuned=0.7917
2026-07-16 12:41:23,632 - exp6 - INFO - Fold 3/5
2026-07-16 12:41:23,637 - exp6 - INFO -   Train: 97, Val: 24
2026-07-16 12:41:23,639 - exp6 - INFO -   Model parameters: 112,706
2026-07-16 12:41:23,640 - exp6 - INFO -   Class weights: [0.52577317 0.4742268 ]
2026-07-16 12:41:23,864 - exp6 - INFO -     Epoch 10: train_loss=0.6080, val_loss=0.8276, val_auc=0.5594
2026-07-16 12:41:24,087 - exp6 - INFO -     Epoch 20: train_loss=0.5036, val_loss=0.7479, val_auc=0.6084
2026-07-16 12:41:24,110 - exp6 - INFO -     Early stopping at epoch 21
2026-07-16 12:41:24,110 - exp6 - INFO -   Fold 3 results: AUC=0.7133, BalAcc_tuned=0.7028
2026-07-16 12:41:24,111 - exp6 - INFO - Fold 4/5
2026-07-16 12:41:24,115 - exp6 - INFO -   Train: 97, Val: 24
2026-07-16 12:41:24,117 - exp6 - INFO -   Model parameters: 112,706
2026-07-16 12:41:24,118 - exp6 - INFO -   Class weights: [0.52577317 0.4742268 ]
2026-07-16 12:41:24,339 - exp6 - INFO -     Epoch 10: train_loss=0.7671, val_loss=0.7265, val_auc=0.5944
2026-07-16 12:41:24,562 - exp6 - INFO -     Epoch 20: train_loss=0.4511, val_loss=0.7524, val_auc=0.6084
2026-07-16 12:41:24,782 - exp6 - INFO -     Epoch 30: train_loss=0.2981, val_loss=1.4064, val_auc=0.5175
2026-07-16 12:41:24,979 - exp6 - INFO -     Early stopping at epoch 39
2026-07-16 12:41:24,979 - exp6 - INFO -   Fold 4 results: AUC=0.6224, BalAcc_tuned=0.6469
2026-07-16 12:41:24,979 - exp6 - INFO - Fold 5/5
2026-07-16 12:41:24,984 - exp6 - INFO -   Train: 97, Val: 24
2026-07-16 12:41:24,986 - exp6 - INFO -   Model parameters: 112,706
2026-07-16 12:41:24,987 - exp6 - INFO -   Class weights: [0.52577317 0.4742268 ]
2026-07-16 12:41:25,209 - exp6 - INFO -     Epoch 10: train_loss=0.5695, val_loss=0.7622, val_auc=0.5385
2026-07-16 12:41:25,432 - exp6 - INFO -     Epoch 20: train_loss=0.4097, val_loss=0.9299, val_auc=0.6084
2026-07-16 12:41:25,655 - exp6 - INFO -     Epoch 30: train_loss=0.3492, val_loss=1.2904, val_auc=0.5944
2026-07-16 12:41:25,835 - exp6 - INFO -     Early stopping at epoch 38
2026-07-16 12:41:25,836 - exp6 - INFO -   Fold 5 results: AUC=0.6224, BalAcc_tuned=0.6503
2026-07-16 12:41:25,836 - exp6 - INFO - Cross-validation complete:
2026-07-16 12:41:25,836 - exp6 - INFO -   auc: 0.6893 +/- 0.0571 (min=0.6224, max=0.7639)
2026-07-16 12:41:25,836 - exp6 - INFO -   accuracy: 0.6027 +/- 0.0598 (min=0.5000, max=0.6800)
2026-07-16 12:41:25,836 - exp6 - INFO -   f1: 0.6717 +/- 0.0615 (min=0.5714, max=0.7500)
2026-07-16 12:41:25,836 - exp6 - INFO -   f1_tuned: 0.6916 +/- 0.0854 (min=0.5263, max=0.7619)
2026-07-16 12:41:25,836 - exp6 - INFO -   balanced_acc_tuned: 0.7032 +/- 0.0534 (min=0.6469, max=0.7917)
2026-07-16 12:41:26,001 - exp6 - INFO - Per-fold predictions written to /fs04/scratch2/he12/carter/experiments/outputs/exp6_predictions/predictions_oof_exp6a_pubmedbert_chemberta.json
2026-07-16 12:41:26,002 - exp6 - INFO - 
============================================================
2026-07-16 12:41:26,002 - exp6 - INFO - Running experiment: exp6a_pubmedbert_smilestrf
2026-07-16 12:41:26,002 - exp6 - INFO - ============================================================
2026-07-16 12:41:26,002 - exp6 - INFO - Running CV: Clinical + SMILES + Text (smilestrf, pubmedbert)
2026-07-16 12:41:26,002 - exp6 - INFO - Preparing Clinical + SMILES + Text data: smilestrf, pubmedbert
2026-07-16 12:41:26,010 - exp6 - INFO - Loaded SMILES embeddings: shape=(15, 256)
2026-07-16 12:41:26,021 - exp6 - INFO - Loaded text embeddings for 117 patients
2026-07-16 12:41:26,021 - exp6 - INFO - Patients with valid SMILES and text: 121
2026-07-16 12:41:26,022 - exp6 - INFO - Fold 1/5
2026-07-16 12:41:26,026 - exp6 - INFO -   Train: 96, Val: 25
2026-07-16 12:41:26,028 - exp6 - INFO -   Model parameters: 79,938
2026-07-16 12:41:26,029 - exp6 - INFO -   Class weights: [0.53125 0.46875]
2026-07-16 12:41:26,230 - exp6 - INFO -     Epoch 10: train_loss=0.5567, val_loss=0.6336, val_auc=0.7949
2026-07-16 12:41:26,430 - exp6 - INFO -     Epoch 20: train_loss=0.6328, val_loss=0.7472, val_auc=0.7372
2026-07-16 12:41:26,490 - exp6 - INFO -     Early stopping at epoch 23
2026-07-16 12:41:26,491 - exp6 - INFO -   Fold 1 results: AUC=0.8397, BalAcc_tuned=0.8045
2026-07-16 12:41:26,491 - exp6 - INFO - Fold 2/5
2026-07-16 12:41:26,495 - exp6 - INFO -   Train: 97, Val: 24
2026-07-16 12:41:26,497 - exp6 - INFO -   Model parameters: 79,938
2026-07-16 12:41:26,498 - exp6 - INFO -   Class weights: [0.53608245 0.46391752]
2026-07-16 12:41:26,722 - exp6 - INFO -     Epoch 10: train_loss=0.7022, val_loss=0.8664, val_auc=0.4861
2026-07-16 12:41:26,946 - exp6 - INFO -     Epoch 20: train_loss=0.5082, val_loss=0.7908, val_auc=0.5972
2026-07-16 12:41:26,991 - exp6 - INFO -     Early stopping at epoch 22
2026-07-16 12:41:26,991 - exp6 - INFO -   Fold 2 results: AUC=0.6250, BalAcc_tuned=0.6250
2026-07-16 12:41:26,991 - exp6 - INFO - Fold 3/5
2026-07-16 12:41:26,996 - exp6 - INFO -   Train: 97, Val: 24
2026-07-16 12:41:26,998 - exp6 - INFO -   Model parameters: 79,938
2026-07-16 12:41:26,998 - exp6 - INFO -   Class weights: [0.52577317 0.4742268 ]
2026-07-16 12:41:27,222 - exp6 - INFO -     Epoch 10: train_loss=0.5397, val_loss=0.7471, val_auc=0.6713
2026-07-16 12:41:27,446 - exp6 - INFO -     Epoch 20: train_loss=0.3754, val_loss=0.8019, val_auc=0.6573
2026-07-16 12:41:27,606 - exp6 - INFO -     Early stopping at epoch 27
2026-07-16 12:41:27,607 - exp6 - INFO -   Fold 3 results: AUC=0.7413, BalAcc_tuned=0.7552
2026-07-16 12:41:27,607 - exp6 - INFO - Fold 4/5
2026-07-16 12:41:27,612 - exp6 - INFO -   Train: 97, Val: 24
2026-07-16 12:41:27,614 - exp6 - INFO -   Model parameters: 79,938
2026-07-16 12:41:27,615 - exp6 - INFO -   Class weights: [0.52577317 0.4742268 ]
2026-07-16 12:41:27,839 - exp6 - INFO -     Epoch 10: train_loss=0.5179, val_loss=0.8456, val_auc=0.6224
2026-07-16 12:41:28,061 - exp6 - INFO -     Epoch 20: train_loss=0.4387, val_loss=1.1030, val_auc=0.5175
2026-07-16 12:41:28,285 - exp6 - INFO -     Epoch 30: train_loss=0.1799, val_loss=1.7045, val_auc=0.4336
2026-07-16 12:41:28,285 - exp6 - INFO -     Early stopping at epoch 30
2026-07-16 12:41:28,285 - exp6 - INFO -   Fold 4 results: AUC=0.6224, BalAcc_tuned=0.6713
2026-07-16 12:41:28,285 - exp6 - INFO - Fold 5/5
2026-07-16 12:41:28,290 - exp6 - INFO -   Train: 97, Val: 24
2026-07-16 12:41:28,291 - exp6 - INFO -   Model parameters: 79,938
2026-07-16 12:41:28,292 - exp6 - INFO -   Class weights: [0.52577317 0.4742268 ]
2026-07-16 12:41:28,514 - exp6 - INFO -     Epoch 10: train_loss=0.5799, val_loss=0.7189, val_auc=0.6364
2026-07-16 12:41:28,738 - exp6 - INFO -     Epoch 20: train_loss=0.4777, val_loss=0.8925, val_auc=0.6364
2026-07-16 12:41:28,959 - exp6 - INFO -     Epoch 30: train_loss=0.2535, val_loss=0.8799, val_auc=0.6853
2026-07-16 12:41:29,181 - exp6 - INFO -     Epoch 40: train_loss=0.1648, val_loss=0.9844, val_auc=0.6503
2026-07-16 12:41:29,315 - exp6 - INFO -     Early stopping at epoch 46
2026-07-16 12:41:29,316 - exp6 - INFO -   Fold 5 results: AUC=0.7063, BalAcc_tuned=0.7483
2026-07-16 12:41:29,316 - exp6 - INFO - Cross-validation complete:
2026-07-16 12:41:29,316 - exp6 - INFO -   auc: 0.7069 +/- 0.0808 (min=0.6224, max=0.8397)
2026-07-16 12:41:29,316 - exp6 - INFO -   accuracy: 0.6023 +/- 0.0665 (min=0.5417, max=0.7200)
2026-07-16 12:41:29,316 - exp6 - INFO -   f1: 0.5958 +/- 0.1154 (min=0.4762, max=0.7879)
2026-07-16 12:41:29,316 - exp6 - INFO -   f1_tuned: 0.6878 +/- 0.1159 (min=0.4706, max=0.7826)
2026-07-16 12:41:29,316 - exp6 - INFO -   balanced_acc_tuned: 0.7209 +/- 0.0641 (min=0.6250, max=0.8045)
2026-07-16 12:41:29,388 - exp6 - INFO - Per-fold predictions written to /fs04/scratch2/he12/carter/experiments/outputs/exp6_predictions/predictions_oof_exp6a_pubmedbert_smilestrf.json
2026-07-16 12:41:29,388 - exp6 - INFO - 
============================================================
2026-07-16 12:41:29,388 - exp6 - INFO - Running experiment: exp6b_simplecnn_chemberta
2026-07-16 12:41:29,388 - exp6 - INFO - ============================================================
2026-07-16 12:41:29,389 - exp6 - INFO - Running CV: Clinical + SMILES + EEG (chemberta, simplecnn)
2026-07-16 12:41:29,389 - exp6 - INFO - Preparing Clinical + SMILES + EEG data: chemberta
2026-07-16 12:41:29,395 - exp6 - INFO - Loaded 204 patients with valid outcomes
2026-07-16 12:41:29,396 - exp6 - INFO - Loaded SMILES embeddings: shape=(15, 768)
2026-07-16 12:41:29,396 - exp6 - INFO - Loading cached EEG data from /fs04/scratch2/he12/carter/experiments/outputs/eeg_cache/processed_eeg.pkl
2026-07-16 12:41:32,009 - exp6 - INFO - Loaded 147 patients from cache
2026-07-16 12:41:32,010 - exp6 - INFO - Patients with valid SMILES and EEG: 151
2026-07-16 12:41:32,011 - exp6 - INFO - Fold 1/5
2026-07-16 12:41:32,015 - exp6 - INFO -   Train: 120, Val: 31
2026-07-16 12:41:32,059 - exp6 - INFO -   Model parameters: 1,991,106
2026-07-16 12:41:32,064 - exp6 - INFO -   Class weights: [0.51666665 0.48333332]
/fs04/scratch2/he12/carter/experiments/.venv-others/lib/python3.10/site-packages/torch/autograd/graph.py:869: UserWarning: Memory Efficient attention defaults to a non-deterministic algorithm. To explicitly enable determinism call torch.use_deterministic_algorithms(True, warn_only=False). (Triggered internally at /pytorch/aten/src/ATen/native/transformers/cuda/attention_backward.cu:900.)
  return Variable._execution_engine.run_backward(  # Calls into the C++ engine to run the backward pass
/fs04/scratch2/he12/carter/experiments/.venv-others/lib/python3.10/site-packages/torch/nn/modules/transformer.py:531: UserWarning: The PyTorch API of nested tensors is in prototype stage and will change in the near future. We recommend specifying layout=torch.jagged when constructing a nested tensor, as this layout receives active development, has better operator coverage, and works with torch.compile. (Triggered internally at /pytorch/aten/src/ATen/NestedTensorImpl.cpp:178.)
  output = torch._nested_tensor_from_mask(
2026-07-16 12:41:51,445 - exp6 - INFO -     Epoch 10: train_loss=0.6840, val_loss=0.7382, val_auc=0.6917
2026-07-16 12:41:58,542 - exp6 - INFO -     Epoch 20: train_loss=0.4955, val_loss=0.8364, val_auc=0.6542
2026-07-16 12:42:05,644 - exp6 - INFO -     Epoch 30: train_loss=0.4348, val_loss=0.9316, val_auc=0.6458
2026-07-16 12:42:07,066 - exp6 - INFO -     Early stopping at epoch 32
2026-07-16 12:42:07,067 - exp6 - INFO -   Fold 1 results: AUC=0.7250, BalAcc_tuned=0.7083
2026-07-16 12:42:07,067 - exp6 - INFO - Fold 2/5
2026-07-16 12:42:07,073 - exp6 - INFO -   Train: 121, Val: 30
2026-07-16 12:42:07,085 - exp6 - INFO -   Model parameters: 1,991,106
2026-07-16 12:42:07,089 - exp6 - INFO -   Class weights: [0.5206612  0.47933885]
2026-07-16 12:42:15,433 - exp6 - INFO -     Epoch 10: train_loss=0.6357, val_loss=0.8092, val_auc=0.4622
2026-07-16 12:42:22,647 - exp6 - INFO -     Epoch 20: train_loss=0.5377, val_loss=0.8318, val_auc=0.5600
2026-07-16 12:42:27,702 - exp6 - INFO -     Early stopping at epoch 27
2026-07-16 12:42:27,703 - exp6 - INFO -   Fold 2 results: AUC=0.5733, BalAcc_tuned=0.6333
2026-07-16 12:42:27,703 - exp6 - INFO - Fold 3/5
2026-07-16 12:42:27,708 - exp6 - INFO -   Train: 121, Val: 30
2026-07-16 12:42:27,720 - exp6 - INFO -   Model parameters: 1,991,106
2026-07-16 12:42:27,724 - exp6 - INFO -   Class weights: [0.5206612  0.47933885]
2026-07-16 12:42:34,963 - exp6 - INFO -     Epoch 10: train_loss=0.5536, val_loss=0.8559, val_auc=0.4622
2026-07-16 12:42:42,196 - exp6 - INFO -     Epoch 20: train_loss=0.3725, val_loss=1.1311, val_auc=0.5244
2026-07-16 12:42:49,431 - exp6 - INFO -     Epoch 30: train_loss=0.3726, val_loss=1.4009, val_auc=0.4978
2026-07-16 12:42:56,676 - exp6 - INFO -     Epoch 40: train_loss=0.3254, val_loss=1.7264, val_auc=0.4933
2026-07-16 12:43:02,462 - exp6 - INFO -     Early stopping at epoch 48
2026-07-16 12:43:02,463 - exp6 - INFO -   Fold 3 results: AUC=0.5556, BalAcc_tuned=0.6000
2026-07-16 12:43:02,463 - exp6 - INFO - Fold 4/5
2026-07-16 12:43:02,468 - exp6 - INFO -   Train: 121, Val: 30
2026-07-16 12:43:02,480 - exp6 - INFO -   Model parameters: 1,991,106
2026-07-16 12:43:02,481 - exp6 - INFO -   Class weights: [0.5123967 0.4876033]
2026-07-16 12:43:09,710 - exp6 - INFO -     Epoch 10: train_loss=0.6559, val_loss=0.6654, val_auc=0.6518
2026-07-16 12:43:16,947 - exp6 - INFO -     Epoch 20: train_loss=0.5668, val_loss=0.6800, val_auc=0.6875
2026-07-16 12:43:24,183 - exp6 - INFO -     Epoch 30: train_loss=0.4324, val_loss=0.7102, val_auc=0.7277
2026-07-16 12:43:31,419 - exp6 - INFO -     Epoch 40: train_loss=0.4809, val_loss=0.9680, val_auc=0.7321
2026-07-16 12:43:37,937 - exp6 - INFO -     Early stopping at epoch 49
2026-07-16 12:43:37,939 - exp6 - INFO -   Fold 4 results: AUC=0.7321, BalAcc_tuned=0.6964
2026-07-16 12:43:37,939 - exp6 - INFO - Fold 5/5
2026-07-16 12:43:37,944 - exp6 - INFO -   Train: 121, Val: 30
2026-07-16 12:43:37,957 - exp6 - INFO -   Model parameters: 1,991,106
2026-07-16 12:43:37,963 - exp6 - INFO -   Class weights: [0.5123967 0.4876033]
2026-07-16 12:43:45,209 - exp6 - INFO -     Epoch 10: train_loss=0.6827, val_loss=0.7059, val_auc=0.5089
2026-07-16 12:43:52,458 - exp6 - INFO -     Epoch 20: train_loss=0.5314, val_loss=0.8761, val_auc=0.4375
2026-07-16 12:43:55,356 - exp6 - INFO -     Early stopping at epoch 24
2026-07-16 12:43:55,356 - exp6 - INFO -   Fold 5 results: AUC=0.5759, BalAcc_tuned=0.6786
2026-07-16 12:43:55,357 - exp6 - INFO - Cross-validation complete:
2026-07-16 12:43:55,357 - exp6 - INFO -   auc: 0.6324 +/- 0.0789 (min=0.5556, max=0.7321)
2026-07-16 12:43:55,357 - exp6 - INFO -   accuracy: 0.5361 +/- 0.0649 (min=0.4667, max=0.6333)
2026-07-16 12:43:55,357 - exp6 - INFO -   f1: 0.4195 +/- 0.2033 (min=0.1111, max=0.6977)
2026-07-16 12:43:55,357 - exp6 - INFO -   f1_tuned: 0.6545 +/- 0.0875 (min=0.5000, max=0.7273)
2026-07-16 12:43:55,357 - exp6 - INFO -   balanced_acc_tuned: 0.6633 +/- 0.0407 (min=0.6000, max=0.7083)
2026-07-16 12:43:55,456 - exp6 - INFO - Per-fold predictions written to /fs04/scratch2/he12/carter/experiments/outputs/exp6_predictions/predictions_oof_exp6b_simplecnn_chemberta.json
2026-07-16 12:43:55,456 - exp6 - INFO - 
============================================================
2026-07-16 12:43:55,456 - exp6 - INFO - Running experiment: exp6b_simplecnn_smilestrf
2026-07-16 12:43:55,456 - exp6 - INFO - ============================================================
2026-07-16 12:43:55,456 - exp6 - INFO - Running CV: Clinical + SMILES + EEG (smilestrf, simplecnn)
2026-07-16 12:43:55,456 - exp6 - INFO - Preparing Clinical + SMILES + EEG data: smilestrf
2026-07-16 12:43:55,462 - exp6 - INFO - Loaded 204 patients with valid outcomes
2026-07-16 12:43:55,463 - exp6 - INFO - Loaded SMILES embeddings: shape=(15, 256)
2026-07-16 12:43:55,464 - exp6 - INFO - Loading cached EEG data from /fs04/scratch2/he12/carter/experiments/outputs/eeg_cache/processed_eeg.pkl
2026-07-16 12:43:56,127 - exp6 - INFO - Loaded 147 patients from cache
2026-07-16 12:43:56,128 - exp6 - INFO - Patients with valid SMILES and EEG: 151
2026-07-16 12:43:56,128 - exp6 - INFO - Fold 1/5
2026-07-16 12:43:56,133 - exp6 - INFO -   Train: 120, Val: 31
2026-07-16 12:43:56,144 - exp6 - INFO -   Model parameters: 1,958,338
2026-07-16 12:43:56,147 - exp6 - INFO -   Class weights: [0.51666665 0.48333332]
2026-07-16 12:44:03,285 - exp6 - INFO -     Epoch 10: train_loss=0.6822, val_loss=0.7399, val_auc=0.5208
2026-07-16 12:44:10,415 - exp6 - INFO -     Epoch 20: train_loss=0.5817, val_loss=0.8945, val_auc=0.5875
2026-07-16 12:44:17,543 - exp6 - INFO -     Epoch 30: train_loss=0.3322, val_loss=1.4886, val_auc=0.6125
2026-07-16 12:44:24,677 - exp6 - INFO -     Epoch 40: train_loss=0.2631, val_loss=1.7431, val_auc=0.5917
2026-07-16 12:44:30,362 - exp6 - INFO -     Early stopping at epoch 48
2026-07-16 12:44:30,364 - exp6 - INFO -   Fold 1 results: AUC=0.6500, BalAcc_tuned=0.6771
2026-07-16 12:44:30,364 - exp6 - INFO - Fold 2/5
2026-07-16 12:44:30,369 - exp6 - INFO -   Train: 121, Val: 30
2026-07-16 12:44:30,381 - exp6 - INFO -   Model parameters: 1,958,338
2026-07-16 12:44:30,385 - exp6 - INFO -   Class weights: [0.5206612  0.47933885]
2026-07-16 12:44:37,612 - exp6 - INFO -     Epoch 10: train_loss=0.5948, val_loss=0.9258, val_auc=0.4756
2026-07-16 12:44:44,841 - exp6 - INFO -     Epoch 20: train_loss=0.4644, val_loss=1.3436, val_auc=0.4667
2026-07-16 12:44:52,074 - exp6 - INFO -     Epoch 30: train_loss=0.3151, val_loss=1.6469, val_auc=0.4711
2026-07-16 12:44:59,283 - exp6 - INFO -     Epoch 40: train_loss=0.2385, val_loss=1.9444, val_auc=0.4711
2026-07-16 12:45:02,171 - exp6 - INFO -     Early stopping at epoch 44
2026-07-16 12:45:02,172 - exp6 - INFO -   Fold 2 results: AUC=0.5111, BalAcc_tuned=0.6000
2026-07-16 12:45:02,172 - exp6 - INFO - Fold 3/5
2026-07-16 12:45:02,177 - exp6 - INFO -   Train: 121, Val: 30
2026-07-16 12:45:02,189 - exp6 - INFO -   Model parameters: 1,958,338
2026-07-16 12:45:02,193 - exp6 - INFO -   Class weights: [0.5206612  0.47933885]
2026-07-16 12:45:09,414 - exp6 - INFO -     Epoch 10: train_loss=0.6601, val_loss=0.8033, val_auc=0.4667
2026-07-16 12:45:16,631 - exp6 - INFO -     Epoch 20: train_loss=0.4865, val_loss=0.9446, val_auc=0.5111
2026-07-16 12:45:23,862 - exp6 - INFO -     Epoch 30: train_loss=0.3255, val_loss=1.2327, val_auc=0.5378
2026-07-16 12:45:31,104 - exp6 - INFO -     Epoch 40: train_loss=0.3700, val_loss=1.3440, val_auc=0.5244
2026-07-16 12:45:38,348 - exp6 - INFO -     Epoch 50: train_loss=0.3083, val_loss=1.8864, val_auc=0.5111
2026-07-16 12:45:45,595 - exp6 - INFO -     Epoch 60: train_loss=0.1520, val_loss=1.9909, val_auc=0.5289
2026-07-16 12:45:52,839 - exp6 - INFO -     Epoch 70: train_loss=0.2105, val_loss=2.1245, val_auc=0.5156
2026-07-16 12:45:55,004 - exp6 - INFO -     Early stopping at epoch 73
2026-07-16 12:45:55,005 - exp6 - INFO -   Fold 3 results: AUC=0.6356, BalAcc_tuned=0.7000
2026-07-16 12:45:55,005 - exp6 - INFO - Fold 4/5
2026-07-16 12:45:55,010 - exp6 - INFO -   Train: 121, Val: 30
2026-07-16 12:45:55,022 - exp6 - INFO -   Model parameters: 1,958,338
2026-07-16 12:45:55,023 - exp6 - INFO -   Class weights: [0.5123967 0.4876033]
2026-07-16 12:46:02,237 - exp6 - INFO -     Epoch 10: train_loss=0.6410, val_loss=0.6510, val_auc=0.6920
2026-07-16 12:46:09,450 - exp6 - INFO -     Epoch 20: train_loss=0.5348, val_loss=0.8126, val_auc=0.6696
2026-07-16 12:46:16,661 - exp6 - INFO -     Epoch 30: train_loss=0.5624, val_loss=0.8562, val_auc=0.7098
2026-07-16 12:46:23,886 - exp6 - INFO -     Epoch 40: train_loss=0.3245, val_loss=0.9173, val_auc=0.7366
2026-07-16 12:46:31,100 - exp6 - INFO -     Epoch 50: train_loss=0.3422, val_loss=1.1935, val_auc=0.6920
2026-07-16 12:46:33,985 - exp6 - INFO -     Early stopping at epoch 54
2026-07-16 12:46:33,986 - exp6 - INFO -   Fold 4 results: AUC=0.7545, BalAcc_tuned=0.7589
2026-07-16 12:46:33,986 - exp6 - INFO - Fold 5/5
2026-07-16 12:46:33,990 - exp6 - INFO -   Train: 121, Val: 30
2026-07-16 12:46:34,002 - exp6 - INFO -   Model parameters: 1,958,338
2026-07-16 12:46:34,008 - exp6 - INFO -   Class weights: [0.5123967 0.4876033]
2026-07-16 12:46:41,223 - exp6 - INFO -     Epoch 10: train_loss=0.7318, val_loss=0.6796, val_auc=0.6384
2026-07-16 12:46:48,436 - exp6 - INFO -     Epoch 20: train_loss=0.5370, val_loss=0.6528, val_auc=0.6741
2026-07-16 12:46:49,157 - exp6 - INFO -     Early stopping at epoch 21
2026-07-16 12:46:49,158 - exp6 - INFO -   Fold 5 results: AUC=0.8259, BalAcc_tuned=0.8304
2026-07-16 12:46:49,158 - exp6 - INFO - Cross-validation complete:
2026-07-16 12:46:49,158 - exp6 - INFO -   auc: 0.6754 +/- 0.1078 (min=0.5111, max=0.8259)
2026-07-16 12:46:49,158 - exp6 - INFO -   accuracy: 0.5963 +/- 0.0621 (min=0.5333, max=0.7000)
2026-07-16 12:46:49,159 - exp6 - INFO -   f1: 0.6228 +/- 0.0911 (min=0.4615, max=0.7111)
2026-07-16 12:46:49,159 - exp6 - INFO -   f1_tuned: 0.7341 +/- 0.0801 (min=0.6250, max=0.8485)
2026-07-16 12:46:49,159 - exp6 - INFO -   balanced_acc_tuned: 0.7133 +/- 0.0776 (min=0.6000, max=0.8304)
2026-07-16 12:46:49,243 - exp6 - INFO - Per-fold predictions written to /fs04/scratch2/he12/carter/experiments/outputs/exp6_predictions/predictions_oof_exp6b_simplecnn_smilestrf.json
2026-07-16 12:46:49,254 - exp6 - INFO - Results saved to /fs04/scratch2/he12/carter/experiments/outputs/exp6_results/results_20260716_124649.json
2026-07-16 12:47:05,002 exp11 INFO Using device: cuda
2026-07-16 12:47:05,002 exp11 INFO Running 16 experiments
2026-07-16 12:47:05,002 exp11 INFO 
============================================================
2026-07-16 12:47:05,002 exp11 INFO Running: exp11_3a_clinicalbert_chemberta_trf
2026-07-16 12:47:05,002 exp11 INFO ============================================================
2026-07-16 12:47:05,003 exp11 INFO   Data: text=clinicalbert, smiles=chemberta
2026-07-16 12:47:05,003 exp3 INFO Preparing data: text=clinicalbert, smiles=chemberta
2026-07-16 12:47:05,016 exp3 INFO Found 151 patients with valid EEG files and outcomes
2026-07-16 12:47:05,017 exp3 INFO Loaded SMILES embeddings: shape=(15, 768)
2026-07-16 12:47:05,029 exp3 INFO Loaded text embeddings for 107 patients
2026-07-16 12:47:05,029 exp3 INFO Loading cached EEG data from /fs04/scratch2/he12/carter/experiments/outputs/eeg_cache/processed_eeg.pkl
2026-07-16 12:47:05,693 exp3 INFO Loaded 147 patients from cache
2026-07-16 12:47:05,693 exp3 INFO Patients with all three modalities: 107
2026-07-16 12:47:05,702 exp3 INFO Outcome distribution: {1: np.int64(59), 0: np.int64(52)}
2026-07-16 12:47:05,703 exp11 INFO   Fold 1/5
2026-07-16 12:47:05,711 exp2_fusion.models.eeg_encoders INFO Creating EEG encoder: eeg2vec
/fs04/scratch2/he12/carter/experiments/.venv-others/lib/python3.10/site-packages/torch/autograd/graph.py:869: UserWarning: Memory Efficient attention defaults to a non-deterministic algorithm. To explicitly enable determinism call torch.use_deterministic_algorithms(True, warn_only=False). (Triggered internally at /pytorch/aten/src/ATen/native/transformers/cuda/attention_backward.cu:900.)
  return Variable._execution_engine.run_backward(  # Calls into the C++ engine to run the backward pass
/fs04/scratch2/he12/carter/experiments/.venv-others/lib/python3.10/site-packages/torch/nn/modules/transformer.py:531: UserWarning: The PyTorch API of nested tensors is in prototype stage and will change in the near future. We recommend specifying layout=torch.jagged when constructing a nested tensor, as this layout receives active development, has better operator coverage, and works with torch.compile. (Triggered internally at /pytorch/aten/src/ATen/NestedTensorImpl.cpp:178.)
  output = torch._nested_tensor_from_mask(
2026-07-16 12:47:50,179 exp11 INFO     Epoch 10: train_loss=0.5995, val_loss=0.7838, val_auc=0.6515
2026-07-16 12:48:27,631 exp11 INFO     Epoch 20: train_loss=0.5171, val_loss=0.7967, val_auc=0.6212
2026-07-16 12:48:50,093 exp11 INFO     Early stopping at epoch 26
2026-07-16 12:48:50,094 exp11 INFO     AUC=0.6591, BalAcc=0.6932
2026-07-16 12:48:50,095 exp11 INFO   Fold 2/5
2026-07-16 12:48:50,100 exp2_fusion.models.eeg_encoders INFO Creating EEG encoder: eeg2vec
2026-07-16 12:49:28,162 exp11 INFO     Epoch 10: train_loss=0.6088, val_loss=0.6801, val_auc=0.6777
2026-07-16 12:50:06,016 exp11 INFO     Epoch 20: train_loss=0.3353, val_loss=1.3326, val_auc=0.5702
2026-07-16 12:50:21,167 exp11 INFO     Early stopping at epoch 24
2026-07-16 12:50:21,168 exp11 INFO     AUC=0.7273, BalAcc=0.7727
2026-07-16 12:50:21,168 exp11 INFO   Fold 3/5
2026-07-16 12:50:21,174 exp2_fusion.models.eeg_encoders INFO Creating EEG encoder: eeg2vec
2026-07-16 12:50:59,591 exp11 INFO     Epoch 10: train_loss=0.5734, val_loss=0.8212, val_auc=0.4750
2026-07-16 12:51:37,463 exp11 INFO     Epoch 20: train_loss=0.4015, val_loss=1.0286, val_auc=0.6167
2026-07-16 12:52:15,321 exp11 INFO     Epoch 30: train_loss=0.3545, val_loss=0.7479, val_auc=0.7000
2026-07-16 12:52:53,152 exp11 INFO     Epoch 40: train_loss=0.1480, val_loss=1.4374, val_auc=0.6000
2026-07-16 12:53:23,405 exp11 INFO     Early stopping at epoch 48
2026-07-16 12:53:23,406 exp11 INFO     AUC=0.7417, BalAcc=0.7167
2026-07-16 12:53:23,407 exp11 INFO   Fold 4/5
2026-07-16 12:53:23,412 exp2_fusion.models.eeg_encoders INFO Creating EEG encoder: eeg2vec
2026-07-16 12:54:01,386 exp11 INFO     Epoch 10: train_loss=0.6998, val_loss=0.6770, val_auc=0.6000
2026-07-16 12:54:39,252 exp11 INFO     Epoch 20: train_loss=0.6394, val_loss=0.6281, val_auc=0.7250
2026-07-16 12:55:18,209 exp11 INFO     Epoch 30: train_loss=0.4119, val_loss=0.5280, val_auc=0.7500
2026-07-16 12:55:56,076 exp11 INFO     Epoch 40: train_loss=0.2798, val_loss=0.9410, val_auc=0.6500
2026-07-16 12:56:33,942 exp11 INFO     Epoch 50: train_loss=0.2290, val_loss=0.8994, val_auc=0.6917
2026-07-16 12:56:37,729 exp11 INFO     Early stopping at epoch 51
2026-07-16 12:56:37,730 exp11 INFO     AUC=0.7667, BalAcc=0.8333
2026-07-16 12:56:37,730 exp11 INFO   Fold 5/5
2026-07-16 12:56:37,748 exp2_fusion.models.eeg_encoders INFO Creating EEG encoder: eeg2vec
2026-07-16 12:57:26,938 exp11 INFO     Epoch 10: train_loss=0.5884, val_loss=0.7293, val_auc=0.4750
2026-07-16 12:58:04,809 exp11 INFO     Epoch 20: train_loss=0.3671, val_loss=1.1466, val_auc=0.5250
2026-07-16 12:58:42,657 exp11 INFO     Epoch 30: train_loss=0.2437, val_loss=0.9099, val_auc=0.5750
2026-07-16 12:59:16,377 exp11 INFO     Early stopping at epoch 37
2026-07-16 12:59:16,665 exp11 INFO     AUC=0.5917, BalAcc=0.6417
2026-07-16 12:59:29,621 exp11 INFO   Result: AUC=0.6973 +/- 0.0637, BalAcc=0.7315 +/- 0.0661
2026-07-16 12:59:29,621 exp11 INFO 
============================================================
2026-07-16 12:59:29,621 exp11 INFO Running: exp11_3a_clinicalbert_smilestrf_trf
2026-07-16 12:59:29,621 exp11 INFO ============================================================
2026-07-16 12:59:29,622 exp11 INFO   Data: text=clinicalbert, smiles=smilestrf
2026-07-16 12:59:29,622 exp3 INFO Preparing data: text=clinicalbert, smiles=smilestrf
2026-07-16 12:59:35,229 exp3 INFO Found 151 patients with valid EEG files and outcomes
2026-07-16 12:59:35,278 exp3 INFO Loaded SMILES embeddings: shape=(15, 256)
2026-07-16 12:59:35,436 exp3 INFO Loaded text embeddings for 107 patients
2026-07-16 12:59:35,437 exp3 INFO Loading cached EEG data from /fs04/scratch2/he12/carter/experiments/outputs/eeg_cache/processed_eeg.pkl
2026-07-16 12:59:41,647 exp3 INFO Loaded 147 patients from cache
2026-07-16 12:59:41,648 exp3 INFO Patients with all three modalities: 107
2026-07-16 12:59:41,663 exp3 INFO Outcome distribution: {1: np.int64(59), 0: np.int64(52)}
2026-07-16 12:59:42,043 exp11 INFO   Fold 1/5
2026-07-16 12:59:42,366 exp2_fusion.models.eeg_encoders INFO Creating EEG encoder: eeg2vec
2026-07-16 13:00:23,724 exp11 INFO     Epoch 10: train_loss=0.6197, val_loss=0.6820, val_auc=0.6742
2026-07-16 13:01:01,594 exp11 INFO     Epoch 20: train_loss=0.4690, val_loss=0.8333, val_auc=0.6288
2026-07-16 13:01:39,215 exp11 INFO     Epoch 30: train_loss=0.2451, val_loss=0.8369, val_auc=0.6742
2026-07-16 13:01:46,719 exp11 INFO     Early stopping at epoch 32
2026-07-16 13:01:46,721 exp11 INFO     AUC=0.7424, BalAcc=0.7462
2026-07-16 13:01:46,721 exp11 INFO   Fold 2/5
2026-07-16 13:01:46,727 exp2_fusion.models.eeg_encoders INFO Creating EEG encoder: eeg2vec
2026-07-16 13:02:24,746 exp11 INFO     Epoch 10: train_loss=0.5675, val_loss=0.7147, val_auc=0.6364
2026-07-16 13:03:02,572 exp11 INFO     Epoch 20: train_loss=0.4021, val_loss=0.8378, val_auc=0.5868
2026-07-16 13:03:17,707 exp11 INFO     Early stopping at epoch 24
2026-07-16 13:03:17,708 exp11 INFO     AUC=0.7190, BalAcc=0.7273
2026-07-16 13:03:17,708 exp11 INFO   Fold 3/5
2026-07-16 13:03:17,713 exp2_fusion.models.eeg_encoders INFO Creating EEG encoder: eeg2vec
2026-07-16 13:03:55,668 exp11 INFO     Epoch 10: train_loss=0.5310, val_loss=0.9744, val_auc=0.5000
2026-07-16 13:04:33,485 exp11 INFO     Epoch 20: train_loss=0.3079, val_loss=1.0369, val_auc=0.6083
2026-07-16 13:05:11,289 exp11 INFO     Epoch 30: train_loss=0.1763, val_loss=1.4832, val_auc=0.5583
2026-07-16 13:05:49,084 exp11 INFO     Epoch 40: train_loss=0.2692, val_loss=1.2453, val_auc=0.5833
2026-07-16 13:06:26,883 exp11 INFO     Epoch 50: train_loss=0.2786, val_loss=1.2525, val_auc=0.6500
2026-07-16 13:06:38,221 exp11 INFO     Early stopping at epoch 53
2026-07-16 13:06:38,222 exp11 INFO     AUC=0.6750, BalAcc=0.7667
2026-07-16 13:06:38,222 exp11 INFO   Fold 4/5
2026-07-16 13:06:38,228 exp2_fusion.models.eeg_encoders INFO Creating EEG encoder: eeg2vec
2026-07-16 13:07:16,279 exp11 INFO     Epoch 10: train_loss=0.6584, val_loss=0.6799, val_auc=0.4667
2026-07-16 13:08:03,086 exp11 INFO     Epoch 20: train_loss=0.4251, val_loss=0.7288, val_auc=0.5917
2026-07-16 13:08:40,873 exp11 INFO     Epoch 30: train_loss=0.4108, val_loss=0.8470, val_auc=0.6250
2026-07-16 13:09:07,342 exp11 INFO     Early stopping at epoch 37
2026-07-16 13:09:07,403 exp11 INFO     AUC=0.7417, BalAcc=0.7917
2026-07-16 13:09:07,403 exp11 INFO   Fold 5/5
2026-07-16 13:09:07,409 exp2_fusion.models.eeg_encoders INFO Creating EEG encoder: eeg2vec
2026-07-16 13:09:47,549 exp11 INFO     Epoch 10: train_loss=0.6326, val_loss=0.6895, val_auc=0.5333
2026-07-16 13:10:27,774 exp11 INFO     Epoch 20: train_loss=0.4037, val_loss=0.7469, val_auc=0.6333
2026-07-16 13:11:06,079 exp11 INFO     Epoch 30: train_loss=0.3192, val_loss=0.9016, val_auc=0.5750
2026-07-16 13:11:43,880 exp11 INFO     Epoch 40: train_loss=0.2821, val_loss=1.0632, val_auc=0.5333
2026-07-16 13:12:26,039 exp11 INFO     Early stopping at epoch 48
2026-07-16 13:12:26,476 exp11 INFO     AUC=0.7000, BalAcc=0.7000
2026-07-16 13:12:26,587 exp11 INFO   Result: AUC=0.7156 +/- 0.0257, BalAcc=0.7464 +/- 0.0316
2026-07-16 13:12:26,587 exp11 INFO 
============================================================
2026-07-16 13:12:26,587 exp11 INFO Running: exp11_3a_pubmedbert_chemberta_trf
2026-07-16 13:12:26,587 exp11 INFO ============================================================
2026-07-16 13:12:26,587 exp11 INFO   Data: text=pubmedbert, smiles=chemberta
2026-07-16 13:12:26,587 exp3 INFO Preparing data: text=pubmedbert, smiles=chemberta
2026-07-16 13:12:28,021 exp3 INFO Found 151 patients with valid EEG files and outcomes
2026-07-16 13:12:28,051 exp3 INFO Loaded SMILES embeddings: shape=(15, 768)
2026-07-16 13:12:28,219 exp3 INFO Loaded text embeddings for 107 patients
2026-07-16 13:12:28,221 exp3 INFO Loading cached EEG data from /fs04/scratch2/he12/carter/experiments/outputs/eeg_cache/processed_eeg.pkl
2026-07-16 13:12:34,313 exp3 INFO Loaded 147 patients from cache
2026-07-16 13:12:34,313 exp3 INFO Patients with all three modalities: 107
2026-07-16 13:12:34,333 exp3 INFO Outcome distribution: {1: np.int64(59), 0: np.int64(52)}
2026-07-16 13:12:35,016 exp11 INFO   Fold 1/5
2026-07-16 13:12:35,311 exp2_fusion.models.eeg_encoders INFO Creating EEG encoder: eeg2vec
2026-07-16 13:13:16,147 exp11 INFO     Epoch 10: train_loss=0.5433, val_loss=0.8083, val_auc=0.6439
2026-07-16 13:13:53,656 exp11 INFO     Epoch 20: train_loss=0.4589, val_loss=0.9027, val_auc=0.6212
2026-07-16 13:14:23,667 exp11 INFO     Early stopping at epoch 28
2026-07-16 13:14:23,668 exp11 INFO     AUC=0.6970, BalAcc=0.7045
2026-07-16 13:14:23,668 exp11 INFO   Fold 2/5
2026-07-16 13:14:23,673 exp2_fusion.models.eeg_encoders INFO Creating EEG encoder: eeg2vec
2026-07-16 13:15:01,625 exp11 INFO     Epoch 10: train_loss=0.5940, val_loss=0.7121, val_auc=0.5207
2026-07-16 13:15:39,454 exp11 INFO     Epoch 20: train_loss=0.2895, val_loss=1.4213, val_auc=0.4050
2026-07-16 13:16:05,908 exp11 INFO     Early stopping at epoch 27
2026-07-16 13:16:05,909 exp11 INFO     AUC=0.6364, BalAcc=0.6364
2026-07-16 13:16:05,910 exp11 INFO   Fold 3/5
2026-07-16 13:16:05,915 exp2_fusion.models.eeg_encoders INFO Creating EEG encoder: eeg2vec
2026-07-16 13:16:43,839 exp11 INFO     Epoch 10: train_loss=0.5687, val_loss=0.8586, val_auc=0.3750
2026-07-16 13:17:21,674 exp11 INFO     Epoch 20: train_loss=0.3200, val_loss=1.0862, val_auc=0.5417
2026-07-16 13:18:14,036 exp11 INFO     Epoch 30: train_loss=0.1103, val_loss=1.6653, val_auc=0.4250
2026-07-16 13:18:48,080 exp11 INFO     Early stopping at epoch 39
2026-07-16 13:18:48,093 exp11 INFO     AUC=0.5500, BalAcc=0.6167
2026-07-16 13:18:48,094 exp11 INFO   Fold 4/5
2026-07-16 13:18:48,099 exp2_fusion.models.eeg_encoders INFO Creating EEG encoder: eeg2vec
2026-07-16 13:19:26,047 exp11 INFO     Epoch 10: train_loss=0.6006, val_loss=0.7693, val_auc=0.4417
2026-07-16 13:20:04,673 exp11 INFO     Epoch 20: train_loss=0.4075, val_loss=0.8800, val_auc=0.4833
2026-07-16 13:20:42,523 exp11 INFO     Epoch 30: train_loss=0.1879, val_loss=1.4068, val_auc=0.5250
2026-07-16 13:21:17,443 exp11 INFO     Early stopping at epoch 39
2026-07-16 13:21:17,444 exp11 INFO     AUC=0.6000, BalAcc=0.6583
2026-07-16 13:21:17,444 exp11 INFO   Fold 5/5
2026-07-16 13:21:17,450 exp2_fusion.models.eeg_encoders INFO Creating EEG encoder: eeg2vec
2026-07-16 13:21:55,412 exp11 INFO     Epoch 10: train_loss=0.5641, val_loss=0.7180, val_auc=0.5417
2026-07-16 13:22:33,289 exp11 INFO     Epoch 20: train_loss=0.3037, val_loss=0.8758, val_auc=0.6583
2026-07-16 13:23:13,840 exp11 INFO     Epoch 30: train_loss=0.1680, val_loss=1.2020, val_auc=0.5083
2026-07-16 13:23:44,090 exp11 INFO     Early stopping at epoch 38
2026-07-16 13:23:44,427 exp11 INFO     AUC=0.6833, BalAcc=0.6750
2026-07-16 13:23:44,501 exp11 INFO   Result: AUC=0.6333 +/- 0.0541, BalAcc=0.6582 +/- 0.0304
2026-07-16 13:23:44,502 exp11 INFO 
============================================================
2026-07-16 13:23:44,502 exp11 INFO Running: exp11_3a_pubmedbert_smilestrf_trf
2026-07-16 13:23:44,502 exp11 INFO ============================================================
2026-07-16 13:23:44,502 exp11 INFO   Data: text=pubmedbert, smiles=smilestrf
2026-07-16 13:23:44,502 exp3 INFO Preparing data: text=pubmedbert, smiles=smilestrf
2026-07-16 13:23:45,321 exp3 INFO Found 151 patients with valid EEG files and outcomes
2026-07-16 13:23:45,349 exp3 INFO Loaded SMILES embeddings: shape=(15, 256)
2026-07-16 13:23:45,642 exp3 INFO Loaded text embeddings for 107 patients
2026-07-16 13:23:45,644 exp3 INFO Loading cached EEG data from /fs04/scratch2/he12/carter/experiments/outputs/eeg_cache/processed_eeg.pkl
2026-07-16 13:23:52,043 exp3 INFO Loaded 147 patients from cache
2026-07-16 13:23:52,044 exp3 INFO Patients with all three modalities: 107
2026-07-16 13:23:52,065 exp3 INFO Outcome distribution: {1: np.int64(59), 0: np.int64(52)}
2026-07-16 13:23:52,339 exp11 INFO   Fold 1/5
2026-07-16 13:23:52,344 exp2_fusion.models.eeg_encoders INFO Creating EEG encoder: eeg2vec
2026-07-16 13:24:30,017 exp11 INFO     Epoch 10: train_loss=0.5646, val_loss=0.7301, val_auc=0.6515
2026-07-16 13:25:07,533 exp11 INFO     Epoch 20: train_loss=0.3150, val_loss=1.0909, val_auc=0.6288
2026-07-16 13:25:41,288 exp11 INFO     Early stopping at epoch 29
2026-07-16 13:25:41,289 exp11 INFO     AUC=0.6667, BalAcc=0.6970
2026-07-16 13:25:41,289 exp11 INFO   Fold 2/5
2026-07-16 13:25:41,295 exp2_fusion.models.eeg_encoders INFO Creating EEG encoder: eeg2vec
2026-07-16 13:26:19,243 exp11 INFO     Epoch 10: train_loss=0.6064, val_loss=0.7203, val_auc=0.6281
2026-07-16 13:26:57,049 exp11 INFO     Epoch 20: train_loss=0.2924, val_loss=1.1133, val_auc=0.5372
2026-07-16 13:27:31,442 exp11 INFO     Early stopping at epoch 29
2026-07-16 13:27:31,458 exp11 INFO     AUC=0.6860, BalAcc=0.7273
2026-07-16 13:27:31,458 exp11 INFO   Fold 3/5
2026-07-16 13:27:31,464 exp2_fusion.models.eeg_encoders INFO Creating EEG encoder: eeg2vec
2026-07-16 13:28:17,072 exp11 INFO     Epoch 10: train_loss=0.6419, val_loss=0.8135, val_auc=0.5333
2026-07-16 13:28:54,883 exp11 INFO     Epoch 20: train_loss=0.3505, val_loss=1.3013, val_auc=0.4000
2026-07-16 13:29:06,224 exp11 INFO     Early stopping at epoch 23
2026-07-16 13:29:06,225 exp11 INFO     AUC=0.5750, BalAcc=0.7000
2026-07-16 13:29:06,225 exp11 INFO   Fold 4/5
2026-07-16 13:29:06,230 exp2_fusion.models.eeg_encoders INFO Creating EEG encoder: eeg2vec
2026-07-16 13:29:44,151 exp11 INFO     Epoch 10: train_loss=0.6554, val_loss=0.6109, val_auc=0.6500
2026-07-16 13:30:22,646 exp11 INFO     Epoch 20: train_loss=0.2958, val_loss=0.8278, val_auc=0.5917
2026-07-16 13:30:30,204 exp11 INFO     Early stopping at epoch 22
2026-07-16 13:30:30,205 exp11 INFO     AUC=0.6750, BalAcc=0.7167
2026-07-16 13:30:30,206 exp11 INFO   Fold 5/5
2026-07-16 13:30:30,211 exp2_fusion.models.eeg_encoders INFO Creating EEG encoder: eeg2vec
2026-07-16 13:31:08,705 exp11 INFO     Epoch 10: train_loss=0.5064, val_loss=0.7056, val_auc=0.5083
2026-07-16 13:31:46,507 exp11 INFO     Epoch 20: train_loss=0.2740, val_loss=1.1400, val_auc=0.5083
2026-07-16 13:32:24,349 exp11 INFO     Epoch 30: train_loss=0.0583, val_loss=2.1552, val_auc=0.3750
2026-07-16 13:33:02,203 exp11 INFO     Epoch 40: train_loss=0.1114, val_loss=2.7376, val_auc=0.3000
2026-07-16 13:33:05,986 exp11 INFO     Early stopping at epoch 41
2026-07-16 13:33:05,987 exp11 INFO     AUC=0.5667, BalAcc=0.6083
2026-07-16 13:33:06,237 exp11 INFO   Result: AUC=0.6339 +/- 0.0519, BalAcc=0.6898 +/- 0.0422
2026-07-16 13:33:06,237 exp11 INFO 
============================================================
2026-07-16 13:33:06,237 exp11 INFO Running: exp11_3a_clinicalbert_chemberta_meanmax
2026-07-16 13:33:06,237 exp11 INFO ============================================================
2026-07-16 13:33:06,237 exp11 INFO   Data: text=clinicalbert, smiles=chemberta
2026-07-16 13:33:06,237 exp3 INFO Preparing data: text=clinicalbert, smiles=chemberta
2026-07-16 13:33:06,247 exp3 INFO Found 151 patients with valid EEG files and outcomes
2026-07-16 13:33:06,260 exp3 INFO Loaded SMILES embeddings: shape=(15, 768)
2026-07-16 13:33:06,407 exp3 INFO Loaded text embeddings for 107 patients
2026-07-16 13:33:06,408 exp3 INFO Loading cached EEG data from /fs04/scratch2/he12/carter/experiments/outputs/eeg_cache/processed_eeg.pkl
2026-07-16 13:33:07,092 exp3 INFO Loaded 147 patients from cache
2026-07-16 13:33:07,092 exp3 INFO Patients with all three modalities: 107
2026-07-16 13:33:07,094 exp3 INFO Outcome distribution: {1: np.int64(59), 0: np.int64(52)}
2026-07-16 13:33:07,145 exp11 INFO   Fold 1/5
2026-07-16 13:33:07,151 exp2_fusion.models.eeg_encoders INFO Creating EEG encoder: eeg2vec
2026-07-16 13:33:49,126 exp11 INFO     Epoch 10: train_loss=0.6056, val_loss=0.7507, val_auc=0.6212
2026-07-16 13:34:28,316 exp11 INFO     Epoch 20: train_loss=0.2456, val_loss=0.8995, val_auc=0.5909
2026-07-16 13:35:05,598 exp11 INFO     Epoch 30: train_loss=0.1939, val_loss=1.1311, val_auc=0.5606
2026-07-16 13:35:09,325 exp11 INFO     Early stopping at epoch 31
2026-07-16 13:35:09,603 exp11 INFO     AUC=0.6667, BalAcc=0.7008
2026-07-16 13:35:09,603 exp11 INFO   Fold 2/5
2026-07-16 13:35:09,741 exp2_fusion.models.eeg_encoders INFO Creating EEG encoder: eeg2vec
2026-07-16 13:35:48,018 exp11 INFO     Epoch 10: train_loss=0.6227, val_loss=0.6530, val_auc=0.7603
2026-07-16 13:36:25,623 exp11 INFO     Epoch 20: train_loss=0.3487, val_loss=1.0692, val_auc=0.3636
2026-07-16 13:37:03,224 exp11 INFO     Epoch 30: train_loss=0.2391, val_loss=1.4957, val_auc=0.5950
2026-07-16 13:37:10,749 exp11 INFO     Early stopping at epoch 32
2026-07-16 13:37:10,750 exp11 INFO     AUC=0.8099, BalAcc=0.8636
2026-07-16 13:37:10,750 exp11 INFO   Fold 3/5
2026-07-16 13:37:10,756 exp2_fusion.models.eeg_encoders INFO Creating EEG encoder: eeg2vec
2026-07-16 13:37:48,826 exp11 INFO     Epoch 10: train_loss=0.6659, val_loss=0.7499, val_auc=0.5083
2026-07-16 13:38:27,285 exp11 INFO     Epoch 20: train_loss=0.4230, val_loss=0.9370, val_auc=0.4917
2026-07-16 13:39:04,872 exp11 INFO     Epoch 30: train_loss=0.1440, val_loss=1.2791, val_auc=0.4250
2026-07-16 13:39:34,934 exp11 INFO     Early stopping at epoch 38
2026-07-16 13:39:34,951 exp11 INFO     AUC=0.5667, BalAcc=0.6083
2026-07-16 13:39:34,951 exp11 INFO   Fold 4/5
2026-07-16 13:39:34,957 exp2_fusion.models.eeg_encoders INFO Creating EEG encoder: eeg2vec
2026-07-16 13:40:12,672 exp11 INFO     Epoch 10: train_loss=0.6379, val_loss=0.5991, val_auc=0.7417
2026-07-16 13:40:50,281 exp11 INFO     Epoch 20: train_loss=0.3614, val_loss=0.5813, val_auc=0.7333
2026-07-16 13:41:28,762 exp11 INFO     Epoch 30: train_loss=0.1051, val_loss=0.8109, val_auc=0.7583
2026-07-16 13:42:06,341 exp11 INFO     Epoch 40: train_loss=0.0823, val_loss=0.8774, val_auc=0.6500
2026-07-16 13:42:17,618 exp11 INFO     Early stopping at epoch 43
2026-07-16 13:42:17,619 exp11 INFO     AUC=0.7917, BalAcc=0.7833
2026-07-16 13:42:17,619 exp11 INFO   Fold 5/5
2026-07-16 13:42:17,625 exp2_fusion.models.eeg_encoders INFO Creating EEG encoder: eeg2vec
2026-07-16 13:42:55,389 exp11 INFO     Epoch 10: train_loss=0.5990, val_loss=0.7684, val_auc=0.6250
2026-07-16 13:43:41,094 exp11 INFO     Epoch 20: train_loss=0.3112, val_loss=0.9530, val_auc=0.5500
2026-07-16 13:44:18,724 exp11 INFO     Epoch 30: train_loss=0.2141, val_loss=1.3802, val_auc=0.4917
2026-07-16 13:44:37,525 exp11 INFO     Early stopping at epoch 35
2026-07-16 13:44:37,526 exp11 INFO     AUC=0.6667, BalAcc=0.6833
2026-07-16 13:44:37,671 exp11 INFO   Result: AUC=0.7003 +/- 0.0900, BalAcc=0.7279 +/- 0.0878
2026-07-16 13:44:37,672 exp11 INFO 
============================================================
2026-07-16 13:44:37,672 exp11 INFO Running: exp11_3a_clinicalbert_smilestrf_meanmax
2026-07-16 13:44:37,672 exp11 INFO ============================================================
2026-07-16 13:44:37,672 exp11 INFO   Data: text=clinicalbert, smiles=smilestrf
2026-07-16 13:44:37,672 exp3 INFO Preparing data: text=clinicalbert, smiles=smilestrf
2026-07-16 13:44:39,060 exp3 INFO Found 151 patients with valid EEG files and outcomes
2026-07-16 13:44:39,086 exp3 INFO Loaded SMILES embeddings: shape=(15, 256)
2026-07-16 13:44:39,155 exp3 INFO Loaded text embeddings for 107 patients
2026-07-16 13:44:39,203 exp3 INFO Loading cached EEG data from /fs04/scratch2/he12/carter/experiments/outputs/eeg_cache/processed_eeg.pkl
2026-07-16 13:44:46,647 exp3 INFO Loaded 147 patients from cache
2026-07-16 13:44:46,647 exp3 INFO Patients with all three modalities: 107
2026-07-16 13:44:46,716 exp3 INFO Outcome distribution: {1: np.int64(59), 0: np.int64(52)}
2026-07-16 13:44:46,990 exp11 INFO   Fold 1/5
2026-07-16 13:44:46,996 exp2_fusion.models.eeg_encoders INFO Creating EEG encoder: eeg2vec
2026-07-16 13:45:33,716 exp11 INFO     Epoch 10: train_loss=0.6068, val_loss=0.7887, val_auc=0.6061
2026-07-16 13:46:11,128 exp11 INFO     Epoch 20: train_loss=0.2751, val_loss=1.0354, val_auc=0.4621
2026-07-16 13:46:14,858 exp11 INFO     Early stopping at epoch 21
2026-07-16 13:46:14,860 exp11 INFO     AUC=0.6667, BalAcc=0.6629
2026-07-16 13:46:14,860 exp11 INFO   Fold 2/5
2026-07-16 13:46:15,040 exp2_fusion.models.eeg_encoders INFO Creating EEG encoder: eeg2vec
2026-07-16 13:46:55,074 exp11 INFO     Epoch 10: train_loss=0.7084, val_loss=0.6566, val_auc=0.7769
2026-07-16 13:47:32,700 exp11 INFO     Epoch 20: train_loss=0.4033, val_loss=1.0007, val_auc=0.7190
2026-07-16 13:47:59,383 exp11 INFO     Early stopping at epoch 27
2026-07-16 13:47:59,399 exp11 INFO     AUC=0.8017, BalAcc=0.8636
2026-07-16 13:47:59,399 exp11 INFO   Fold 3/5
2026-07-16 13:47:59,405 exp2_fusion.models.eeg_encoders INFO Creating EEG encoder: eeg2vec
2026-07-16 13:48:37,915 exp11 INFO     Epoch 10: train_loss=0.5543, val_loss=0.7530, val_auc=0.5167
2026-07-16 13:49:15,536 exp11 INFO     Epoch 20: train_loss=0.3788, val_loss=1.0123, val_auc=0.4500
2026-07-16 13:49:23,060 exp11 INFO     Early stopping at epoch 22
2026-07-16 13:49:23,061 exp11 INFO     AUC=0.5417, BalAcc=0.5917
2026-07-16 13:49:23,061 exp11 INFO   Fold 4/5
2026-07-16 13:49:23,066 exp2_fusion.models.eeg_encoders INFO Creating EEG encoder: eeg2vec
2026-07-16 13:50:00,819 exp11 INFO     Epoch 10: train_loss=0.6339, val_loss=0.5545, val_auc=0.7000
2026-07-16 13:50:38,465 exp11 INFO     Epoch 20: train_loss=0.2820, val_loss=0.6704, val_auc=0.7500
2026-07-16 13:50:53,521 exp11 INFO     Early stopping at epoch 24
2026-07-16 13:50:53,522 exp11 INFO     AUC=0.8500, BalAcc=0.8750
2026-07-16 13:50:53,522 exp11 INFO   Fold 5/5
2026-07-16 13:50:53,527 exp2_fusion.models.eeg_encoders INFO Creating EEG encoder: eeg2vec
2026-07-16 13:51:31,448 exp11 INFO     Epoch 10: train_loss=0.5461, val_loss=0.6904, val_auc=0.6500
2026-07-16 13:52:09,075 exp11 INFO     Epoch 20: train_loss=0.2688, val_loss=1.0134, val_auc=0.6000
2026-07-16 13:52:47,178 exp11 INFO     Epoch 30: train_loss=0.1281, val_loss=1.3863, val_auc=0.5333
2026-07-16 13:52:47,178 exp11 INFO     Early stopping at epoch 30
2026-07-16 13:52:47,179 exp11 INFO     AUC=0.6500, BalAcc=0.7000
2026-07-16 13:52:47,229 exp11 INFO   Result: AUC=0.7020 +/- 0.1109, BalAcc=0.7386 +/- 0.1123
2026-07-16 13:52:47,230 exp11 INFO 
============================================================
2026-07-16 13:52:47,230 exp11 INFO Running: exp11_3a_pubmedbert_chemberta_meanmax
2026-07-16 13:52:47,230 exp11 INFO ============================================================
2026-07-16 13:52:47,230 exp11 INFO   Data: text=pubmedbert, smiles=chemberta
2026-07-16 13:52:47,230 exp3 INFO Preparing data: text=pubmedbert, smiles=chemberta
2026-07-16 13:52:47,239 exp3 INFO Found 151 patients with valid EEG files and outcomes
2026-07-16 13:52:47,270 exp3 INFO Loaded SMILES embeddings: shape=(15, 768)
2026-07-16 13:52:47,403 exp3 INFO Loaded text embeddings for 107 patients
2026-07-16 13:52:47,404 exp3 INFO Loading cached EEG data from /fs04/scratch2/he12/carter/experiments/outputs/eeg_cache/processed_eeg.pkl
2026-07-16 13:52:50,649 exp3 INFO Loaded 147 patients from cache
2026-07-16 13:52:50,649 exp3 INFO Patients with all three modalities: 107
2026-07-16 13:52:50,651 exp3 INFO Outcome distribution: {1: np.int64(59), 0: np.int64(52)}
2026-07-16 13:52:51,080 exp11 INFO   Fold 1/5
2026-07-16 13:52:51,086 exp2_fusion.models.eeg_encoders INFO Creating EEG encoder: eeg2vec
2026-07-16 13:53:32,618 exp11 INFO     Epoch 10: train_loss=0.5776, val_loss=0.7928, val_auc=0.5758
2026-07-16 13:54:09,911 exp11 INFO     Epoch 20: train_loss=0.2341, val_loss=1.1155, val_auc=0.5455
2026-07-16 13:54:32,282 exp11 INFO     Early stopping at epoch 26
2026-07-16 13:54:32,284 exp11 INFO     AUC=0.6742, BalAcc=0.6970
2026-07-16 13:54:32,284 exp11 INFO   Fold 2/5
2026-07-16 13:54:32,290 exp2_fusion.models.eeg_encoders INFO Creating EEG encoder: eeg2vec
2026-07-16 13:55:12,629 exp11 INFO     Epoch 10: train_loss=0.6223, val_loss=0.7622, val_auc=0.5537
2026-07-16 13:55:50,590 exp11 INFO     Epoch 20: train_loss=0.1909, val_loss=1.2382, val_auc=0.4298
2026-07-16 13:56:01,868 exp11 INFO     Early stopping at epoch 23
2026-07-16 13:56:02,169 exp11 INFO     AUC=0.6694, BalAcc=0.7273
2026-07-16 13:56:02,169 exp11 INFO   Fold 3/5
2026-07-16 13:56:02,291 exp2_fusion.models.eeg_encoders INFO Creating EEG encoder: eeg2vec
2026-07-16 13:56:41,036 exp11 INFO     Epoch 10: train_loss=0.5900, val_loss=0.7703, val_auc=0.5167
2026-07-16 13:57:18,631 exp11 INFO     Epoch 20: train_loss=0.3503, val_loss=1.1706, val_auc=0.5333
2026-07-16 13:57:56,453 exp11 INFO     Epoch 30: train_loss=0.1376, val_loss=1.5256, val_auc=0.4917
2026-07-16 13:58:35,220 exp11 INFO     Epoch 40: train_loss=0.0881, val_loss=1.7736, val_auc=0.5083
2026-07-16 13:59:01,546 exp11 INFO     Early stopping at epoch 47
2026-07-16 13:59:01,607 exp11 INFO     AUC=0.6000, BalAcc=0.6750
2026-07-16 13:59:01,608 exp11 INFO   Fold 4/5
2026-07-16 13:59:01,657 exp2_fusion.models.eeg_encoders INFO Creating EEG encoder: eeg2vec
2026-07-16 13:59:39,391 exp11 INFO     Epoch 10: train_loss=0.6359, val_loss=0.5884, val_auc=0.7000
2026-07-16 14:00:16,977 exp11 INFO     Epoch 20: train_loss=0.3099, val_loss=0.7773, val_auc=0.6917
2026-07-16 14:00:35,837 exp11 INFO     Early stopping at epoch 25
2026-07-16 14:00:35,837 exp11 INFO     AUC=0.7917, BalAcc=0.7583
2026-07-16 14:00:35,837 exp11 INFO   Fold 5/5
2026-07-16 14:00:35,843 exp2_fusion.models.eeg_encoders INFO Creating EEG encoder: eeg2vec
2026-07-16 14:01:15,139 exp11 INFO     Epoch 10: train_loss=0.5498, val_loss=0.7404, val_auc=0.6167
2026-07-16 14:01:52,772 exp11 INFO     Epoch 20: train_loss=0.2292, val_loss=0.9322, val_auc=0.5917
2026-07-16 14:01:56,534 exp11 INFO     Early stopping at epoch 21
2026-07-16 14:01:56,535 exp11 INFO     AUC=0.6583, BalAcc=0.7083
2026-07-16 14:01:56,723 exp11 INFO   Result: AUC=0.6787 +/- 0.0624, BalAcc=0.7132 +/- 0.0282
2026-07-16 14:01:56,723 exp11 INFO 
============================================================
2026-07-16 14:01:56,723 exp11 INFO Running: exp11_3a_pubmedbert_smilestrf_meanmax
2026-07-16 14:01:56,723 exp11 INFO ============================================================
2026-07-16 14:01:56,723 exp11 INFO   Data: text=pubmedbert, smiles=smilestrf
2026-07-16 14:01:56,723 exp3 INFO Preparing data: text=pubmedbert, smiles=smilestrf
2026-07-16 14:01:58,014 exp3 INFO Found 151 patients with valid EEG files and outcomes
2026-07-16 14:01:58,205 exp3 INFO Loaded SMILES embeddings: shape=(15, 256)
2026-07-16 14:01:58,240 exp3 INFO Loaded text embeddings for 107 patients
2026-07-16 14:01:58,259 exp3 INFO Loading cached EEG data from /fs04/scratch2/he12/carter/experiments/outputs/eeg_cache/processed_eeg.pkl
2026-07-16 14:02:01,203 exp3 INFO Loaded 147 patients from cache
2026-07-16 14:02:01,203 exp3 INFO Patients with all three modalities: 107
2026-07-16 14:02:01,244 exp3 INFO Outcome distribution: {1: np.int64(59), 0: np.int64(52)}
2026-07-16 14:02:01,682 exp11 INFO   Fold 1/5
2026-07-16 14:02:01,688 exp2_fusion.models.eeg_encoders INFO Creating EEG encoder: eeg2vec
2026-07-16 14:02:39,110 exp11 INFO     Epoch 10: train_loss=0.5674, val_loss=0.6642, val_auc=0.6894
2026-07-16 14:03:16,646 exp11 INFO     Epoch 20: train_loss=0.2701, val_loss=0.9533, val_auc=0.6061
2026-07-16 14:03:54,977 exp11 INFO     Early stopping at epoch 29
2026-07-16 14:03:54,978 exp11 INFO     AUC=0.6894, BalAcc=0.7045
2026-07-16 14:03:54,978 exp11 INFO   Fold 2/5
2026-07-16 14:03:54,984 exp2_fusion.models.eeg_encoders INFO Creating EEG encoder: eeg2vec
2026-07-16 14:04:32,785 exp11 INFO     Epoch 10: train_loss=0.5529, val_loss=0.6646, val_auc=0.6529
2026-07-16 14:05:10,402 exp11 INFO     Epoch 20: train_loss=0.2779, val_loss=1.1170, val_auc=0.4876
2026-07-16 14:05:21,688 exp11 INFO     Early stopping at epoch 23
2026-07-16 14:05:21,689 exp11 INFO     AUC=0.7851, BalAcc=0.8636
2026-07-16 14:05:21,689 exp11 INFO   Fold 3/5
2026-07-16 14:05:21,694 exp2_fusion.models.eeg_encoders INFO Creating EEG encoder: eeg2vec
2026-07-16 14:05:59,560 exp11 INFO     Epoch 10: train_loss=0.6088, val_loss=0.8237, val_auc=0.4917
2026-07-16 14:06:38,831 exp11 INFO     Epoch 20: train_loss=0.1790, val_loss=0.9213, val_auc=0.4917
2026-07-16 14:07:17,851 exp11 INFO     Epoch 30: train_loss=0.1991, val_loss=1.5582, val_auc=0.5167
2026-07-16 14:07:56,386 exp11 INFO     Epoch 40: train_loss=0.0147, val_loss=1.9201, val_auc=0.5000
2026-07-16 14:08:07,977 exp11 INFO     Early stopping at epoch 43
2026-07-16 14:08:07,989 exp11 INFO     AUC=0.5917, BalAcc=0.6167
2026-07-16 14:08:07,990 exp11 INFO   Fold 4/5
2026-07-16 14:08:07,995 exp2_fusion.models.eeg_encoders INFO Creating EEG encoder: eeg2vec
2026-07-16 14:08:46,633 exp11 INFO     Epoch 10: train_loss=0.5618, val_loss=0.5775, val_auc=0.7083
2026-07-16 14:09:24,265 exp11 INFO     Epoch 20: train_loss=0.3405, val_loss=0.8930, val_auc=0.6583
2026-07-16 14:10:01,867 exp11 INFO     Epoch 30: train_loss=0.1350, val_loss=1.5366, val_auc=0.6417
2026-07-16 14:10:21,437 exp11 INFO     Early stopping at epoch 35
2026-07-16 14:10:21,438 exp11 INFO     AUC=0.7667, BalAcc=0.7500
2026-07-16 14:10:21,438 exp11 INFO   Fold 5/5
2026-07-16 14:10:21,474 exp2_fusion.models.eeg_encoders INFO Creating EEG encoder: eeg2vec
2026-07-16 14:10:59,240 exp11 INFO     Epoch 10: train_loss=0.5509, val_loss=0.6860, val_auc=0.5417
2026-07-16 14:11:37,214 exp11 INFO     Epoch 20: train_loss=0.1901, val_loss=1.1680, val_auc=0.4917
2026-07-16 14:11:40,976 exp11 INFO     Early stopping at epoch 21
2026-07-16 14:11:40,977 exp11 INFO     AUC=0.5917, BalAcc=0.6583
2026-07-16 14:11:41,437 exp11 INFO   Result: AUC=0.6849 +/- 0.0826, BalAcc=0.7186 +/- 0.0851
2026-07-16 14:11:41,437 exp11 INFO 
============================================================
2026-07-16 14:11:41,437 exp11 INFO Running: exp11_6b_chemberta_trf
2026-07-16 14:11:41,437 exp11 INFO ============================================================
2026-07-16 14:11:41,437 exp11 INFO   Data: smiles=chemberta
2026-07-16 14:11:41,437 exp6 INFO Preparing Clinical + SMILES + EEG data: chemberta
2026-07-16 14:11:41,514 exp6 INFO Loaded 204 patients with valid outcomes
2026-07-16 14:11:41,705 exp6 INFO Loaded SMILES embeddings: shape=(15, 768)
2026-07-16 14:11:41,706 exp6 INFO Loading cached EEG data from /fs04/scratch2/he12/carter/experiments/outputs/eeg_cache/processed_eeg.pkl
2026-07-16 14:11:44,041 exp6 INFO Loaded 147 patients from cache
2026-07-16 14:11:44,042 exp6 INFO Patients with valid SMILES and EEG: 151
2026-07-16 14:11:44,154 exp11 INFO   Fold 1/5
2026-07-16 14:11:44,495 exp2_fusion.models.eeg_encoders INFO Creating EEG encoder: eeg2vec
2026-07-16 14:12:45,144 exp11 INFO     Epoch 10: train_loss=0.5870, val_loss=0.7026, val_auc=0.6083
2026-07-16 14:13:36,503 exp11 INFO     Epoch 20: train_loss=0.3248, val_loss=0.9548, val_auc=0.6417
2026-07-16 14:14:27,630 exp11 INFO     Epoch 30: train_loss=0.1975, val_loss=1.1879, val_auc=0.6667
2026-07-16 14:14:37,860 exp11 INFO     Early stopping at epoch 32
2026-07-16 14:14:38,591 exp11 INFO     AUC=0.6833, BalAcc=0.6708
2026-07-16 14:14:38,591 exp11 INFO   Fold 2/5
2026-07-16 14:14:38,944 exp2_fusion.models.eeg_encoders INFO Creating EEG encoder: eeg2vec
2026-07-16 14:15:30,745 exp11 INFO     Epoch 10: train_loss=0.6683, val_loss=0.8974, val_auc=0.4800
2026-07-16 14:16:22,248 exp11 INFO     Epoch 20: train_loss=0.3358, val_loss=1.5263, val_auc=0.4889
2026-07-16 14:17:08,608 exp11 INFO     Early stopping at epoch 29
2026-07-16 14:17:08,609 exp11 INFO     AUC=0.5378, BalAcc=0.6667
2026-07-16 14:17:08,609 exp11 INFO   Fold 3/5
2026-07-16 14:17:08,615 exp2_fusion.models.eeg_encoders INFO Creating EEG encoder: eeg2vec
2026-07-16 14:18:00,548 exp11 INFO     Epoch 10: train_loss=0.5739, val_loss=0.9489, val_auc=0.4667
2026-07-16 14:18:53,345 exp11 INFO     Epoch 20: train_loss=0.3768, val_loss=1.3747, val_auc=0.4356
2026-07-16 14:18:58,498 exp11 INFO     Early stopping at epoch 21
2026-07-16 14:18:58,539 exp11 INFO     AUC=0.5689, BalAcc=0.6667
2026-07-16 14:18:58,539 exp11 INFO   Fold 4/5
2026-07-16 14:18:58,545 exp2_fusion.models.eeg_encoders INFO Creating EEG encoder: eeg2vec
2026-07-16 14:19:50,200 exp11 INFO     Epoch 10: train_loss=0.5562, val_loss=0.8885, val_auc=0.5804
2026-07-16 14:20:41,703 exp11 INFO     Epoch 20: train_loss=0.3370, val_loss=1.1764, val_auc=0.7366
2026-07-16 14:21:33,444 exp11 INFO     Epoch 30: train_loss=0.4308, val_loss=1.0515, val_auc=0.7902
2026-07-16 14:22:30,224 exp11 INFO     Epoch 40: train_loss=0.2972, val_loss=1.4261, val_auc=0.7009
2026-07-16 14:23:21,746 exp11 INFO     Epoch 50: train_loss=0.0771, val_loss=1.3059, val_auc=0.7991
2026-07-16 14:23:37,171 exp11 INFO     Early stopping at epoch 53
2026-07-16 14:23:37,173 exp11 INFO     AUC=0.8929, BalAcc=0.8616
2026-07-16 14:23:37,173 exp11 INFO   Fold 5/5
2026-07-16 14:23:37,248 exp2_fusion.models.eeg_encoders INFO Creating EEG encoder: eeg2vec
2026-07-16 14:24:28,908 exp11 INFO     Epoch 10: train_loss=0.5023, val_loss=0.7817, val_auc=0.5491
2026-07-16 14:25:43,733 exp11 INFO     Epoch 20: train_loss=0.3211, val_loss=1.0895, val_auc=0.5938
2026-07-16 14:25:48,876 exp11 INFO     Early stopping at epoch 21
2026-07-16 14:25:49,293 exp11 INFO     AUC=0.6116, BalAcc=0.6473
2026-07-16 14:25:49,478 exp11 INFO   Result: AUC=0.6589 +/- 0.1268, BalAcc=0.7026 +/- 0.0799
2026-07-16 14:25:49,478 exp11 INFO 
============================================================
2026-07-16 14:25:49,478 exp11 INFO Running: exp11_6b_smilestrf_trf
2026-07-16 14:25:49,478 exp11 INFO ============================================================
2026-07-16 14:25:49,478 exp11 INFO   Data: smiles=smilestrf
2026-07-16 14:25:49,478 exp6 INFO Preparing Clinical + SMILES + EEG data: smilestrf
2026-07-16 14:25:51,446 exp6 INFO Loaded 204 patients with valid outcomes
2026-07-16 14:25:51,777 exp6 INFO Loaded SMILES embeddings: shape=(15, 256)
2026-07-16 14:25:51,813 exp6 INFO Loading cached EEG data from /fs04/scratch2/he12/carter/experiments/outputs/eeg_cache/processed_eeg.pkl
2026-07-16 14:26:02,566 exp6 INFO Loaded 147 patients from cache
2026-07-16 14:26:02,580 exp6 INFO Patients with valid SMILES and EEG: 151
2026-07-16 14:26:02,827 exp11 INFO   Fold 1/5
2026-07-16 14:26:03,228 exp2_fusion.models.eeg_encoders INFO Creating EEG encoder: eeg2vec
2026-07-16 14:27:01,245 exp11 INFO     Epoch 10: train_loss=0.5067, val_loss=0.7535, val_auc=0.6417
2026-07-16 14:27:52,303 exp11 INFO     Epoch 20: train_loss=0.4215, val_loss=1.0424, val_auc=0.6083
2026-07-16 14:28:23,569 exp11 INFO     Early stopping at epoch 26
2026-07-16 14:28:23,580 exp11 INFO     AUC=0.6708, BalAcc=0.6750
2026-07-16 14:28:23,580 exp11 INFO   Fold 2/5
2026-07-16 14:28:23,585 exp2_fusion.models.eeg_encoders INFO Creating EEG encoder: eeg2vec
2026-07-16 14:29:16,752 exp11 INFO     Epoch 10: train_loss=0.5264, val_loss=0.9978, val_auc=0.4400
2026-07-16 14:30:08,100 exp11 INFO     Epoch 20: train_loss=0.4082, val_loss=1.4475, val_auc=0.4356
2026-07-16 14:30:59,531 exp11 INFO     Epoch 30: train_loss=0.3552, val_loss=1.2868, val_auc=0.4667
2026-07-16 14:31:51,746 exp11 INFO     Epoch 40: train_loss=0.1258, val_loss=2.3359, val_auc=0.4756
2026-07-16 14:32:22,952 exp11 INFO     Early stopping at epoch 46
2026-07-16 14:32:22,953 exp11 INFO     AUC=0.5556, BalAcc=0.6000
2026-07-16 14:32:22,953 exp11 INFO   Fold 3/5
2026-07-16 14:32:22,958 exp2_fusion.models.eeg_encoders INFO Creating EEG encoder: eeg2vec
2026-07-16 14:33:14,603 exp11 INFO     Epoch 10: train_loss=0.5420, val_loss=1.3157, val_auc=0.4489
2026-07-16 14:34:06,039 exp11 INFO     Epoch 20: train_loss=0.2752, val_loss=1.3684, val_auc=0.5689
2026-07-16 14:34:57,476 exp11 INFO     Epoch 30: train_loss=0.1722, val_loss=1.7273, val_auc=0.4978
2026-07-16 14:35:55,236 exp11 INFO     Epoch 40: train_loss=0.2470, val_loss=2.4940, val_auc=0.4933
2026-07-16 14:37:06,725 exp11 INFO     Epoch 50: train_loss=0.0783, val_loss=2.0598, val_auc=0.5644
2026-07-16 14:37:17,000 exp11 INFO     Early stopping at epoch 52
2026-07-16 14:37:17,419 exp11 INFO     AUC=0.6089, BalAcc=0.7000
2026-07-16 14:37:17,419 exp11 INFO   Fold 4/5
2026-07-16 14:37:18,580 exp2_fusion.models.eeg_encoders INFO Creating EEG encoder: eeg2vec
2026-07-16 14:38:13,617 exp11 INFO     Epoch 10: train_loss=0.4222, val_loss=0.8053, val_auc=0.7723
2026-07-16 14:39:06,764 exp11 INFO     Epoch 20: train_loss=0.2976, val_loss=1.7432, val_auc=0.6027
2026-07-16 14:39:58,126 exp11 INFO     Epoch 30: train_loss=0.1759, val_loss=1.4706, val_auc=0.7143
2026-07-16 14:39:58,126 exp11 INFO     Early stopping at epoch 30
2026-07-16 14:39:58,163 exp11 INFO     AUC=0.7723, BalAcc=0.7946
2026-07-16 14:39:58,164 exp11 INFO   Fold 5/5
2026-07-16 14:39:58,169 exp2_fusion.models.eeg_encoders INFO Creating EEG encoder: eeg2vec
2026-07-16 14:40:49,833 exp11 INFO     Epoch 10: train_loss=0.6356, val_loss=0.7681, val_auc=0.5223
2026-07-16 14:41:41,464 exp11 INFO     Epoch 20: train_loss=0.4420, val_loss=0.7838, val_auc=0.5848
2026-07-16 14:42:33,173 exp11 INFO     Epoch 30: train_loss=0.3052, val_loss=1.0212, val_auc=0.5580
2026-07-16 14:43:24,588 exp11 INFO     Epoch 40: train_loss=0.2471, val_loss=1.0984, val_auc=0.6696
2026-07-16 14:43:34,863 exp11 INFO     Early stopping at epoch 42
2026-07-16 14:43:34,863 exp11 INFO     AUC=0.6964, BalAcc=0.6920
2026-07-16 14:43:34,946 exp11 INFO   Result: AUC=0.6608 +/- 0.0743, BalAcc=0.6923 +/- 0.0622
2026-07-16 14:43:34,946 exp11 INFO 
============================================================
2026-07-16 14:43:34,946 exp11 INFO Running: exp11_6b_chemberta_meanmax
2026-07-16 14:43:34,946 exp11 INFO ============================================================
2026-07-16 14:43:34,946 exp11 INFO   Data: smiles=chemberta
2026-07-16 14:43:34,946 exp6 INFO Preparing Clinical + SMILES + EEG data: chemberta
2026-07-16 14:43:36,506 exp6 INFO Loaded 204 patients with valid outcomes
2026-07-16 14:43:36,570 exp6 INFO Loaded SMILES embeddings: shape=(15, 768)
2026-07-16 14:43:36,600 exp6 INFO Loading cached EEG data from /fs04/scratch2/he12/carter/experiments/outputs/eeg_cache/processed_eeg.pkl
2026-07-16 14:43:44,551 exp6 INFO Loaded 147 patients from cache
2026-07-16 14:43:44,552 exp6 INFO Patients with valid SMILES and EEG: 151
2026-07-16 14:43:45,319 exp11 INFO   Fold 1/5
2026-07-16 14:43:45,325 exp2_fusion.models.eeg_encoders INFO Creating EEG encoder: eeg2vec
2026-07-16 14:44:40,208 exp11 INFO     Epoch 10: train_loss=0.2227, val_loss=1.2531, val_auc=0.4500
2026-07-16 14:45:31,011 exp11 INFO     Epoch 20: train_loss=0.0855, val_loss=2.1890, val_auc=0.5000
2026-07-16 14:45:46,253 exp11 INFO     Early stopping at epoch 23
2026-07-16 14:45:46,254 exp11 INFO     AUC=0.5958, BalAcc=0.6458
2026-07-16 14:45:46,255 exp11 INFO   Fold 2/5
2026-07-16 14:45:46,260 exp2_fusion.models.eeg_encoders INFO Creating EEG encoder: eeg2vec
2026-07-16 14:46:37,720 exp11 INFO     Epoch 10: train_loss=0.2025, val_loss=1.3590, val_auc=0.3556
2026-07-16 14:47:28,866 exp11 INFO     Epoch 20: train_loss=0.0684, val_loss=2.3014, val_auc=0.3778
2026-07-16 14:47:33,982 exp11 INFO     Early stopping at epoch 21
2026-07-16 14:47:33,983 exp11 INFO     AUC=0.5289, BalAcc=0.6333
2026-07-16 14:47:33,983 exp11 INFO   Fold 3/5
2026-07-16 14:47:34,470 exp2_fusion.models.eeg_encoders INFO Creating EEG encoder: eeg2vec
2026-07-16 14:48:26,226 exp11 INFO     Epoch 10: train_loss=0.2028, val_loss=1.1133, val_auc=0.6844
2026-07-16 14:49:18,404 exp11 INFO     Epoch 20: train_loss=0.0789, val_loss=1.7504, val_auc=0.6489
2026-07-16 14:49:59,374 exp11 INFO     Early stopping at epoch 28
2026-07-16 14:49:59,396 exp11 INFO     AUC=0.7422, BalAcc=0.7333
2026-07-16 14:49:59,396 exp11 INFO   Fold 4/5
2026-07-16 14:49:59,402 exp2_fusion.models.eeg_encoders INFO Creating EEG encoder: eeg2vec
2026-07-16 14:50:50,801 exp11 INFO     Epoch 10: train_loss=0.2012, val_loss=1.4432, val_auc=0.5446
2026-07-16 14:51:42,642 exp11 INFO     Epoch 20: train_loss=0.0615, val_loss=2.0737, val_auc=0.6205
2026-07-16 14:51:58,912 exp11 INFO     Early stopping at epoch 23
2026-07-16 14:51:58,913 exp11 INFO     AUC=0.7098, BalAcc=0.6964
2026-07-16 14:51:58,913 exp11 INFO   Fold 5/5
2026-07-16 14:51:58,919 exp2_fusion.models.eeg_encoders INFO Creating EEG encoder: eeg2vec
2026-07-16 14:52:50,375 exp11 INFO     Epoch 10: train_loss=0.2943, val_loss=1.1396, val_auc=0.4911
2026-07-16 14:53:41,813 exp11 INFO     Epoch 20: train_loss=0.0781, val_loss=2.3272, val_auc=0.4509
2026-07-16 14:54:55,961 exp11 INFO     Epoch 30: train_loss=0.0315, val_loss=2.2317, val_auc=0.5536
2026-07-16 14:55:11,329 exp11 INFO     Early stopping at epoch 33
2026-07-16 14:55:11,717 exp11 INFO     AUC=0.5625, BalAcc=0.6295
2026-07-16 14:55:11,994 exp11 INFO   Result: AUC=0.6279 +/- 0.0835, BalAcc=0.6677 +/- 0.0406
2026-07-16 14:55:11,994 exp11 INFO 
============================================================
2026-07-16 14:55:11,994 exp11 INFO Running: exp11_6b_smilestrf_meanmax
2026-07-16 14:55:11,994 exp11 INFO ============================================================
2026-07-16 14:55:11,994 exp11 INFO   Data: smiles=smilestrf
2026-07-16 14:55:11,994 exp6 INFO Preparing Clinical + SMILES + EEG data: smilestrf
2026-07-16 14:55:12,636 exp6 INFO Loaded 204 patients with valid outcomes
2026-07-16 14:55:12,701 exp6 INFO Loaded SMILES embeddings: shape=(15, 256)
2026-07-16 14:55:12,703 exp6 INFO Loading cached EEG data from /fs04/scratch2/he12/carter/experiments/outputs/eeg_cache/processed_eeg.pkl
2026-07-16 14:55:19,444 exp6 INFO Loaded 147 patients from cache
2026-07-16 14:55:19,445 exp6 INFO Patients with valid SMILES and EEG: 151
2026-07-16 14:55:19,934 exp11 INFO   Fold 1/5
2026-07-16 14:55:20,282 exp2_fusion.models.eeg_encoders INFO Creating EEG encoder: eeg2vec
2026-07-16 14:56:16,655 exp11 INFO     Epoch 10: train_loss=0.2466, val_loss=1.0918, val_auc=0.6000
2026-07-16 14:57:07,686 exp11 INFO     Epoch 20: train_loss=0.1357, val_loss=1.9536, val_auc=0.5750
2026-07-16 14:57:12,777 exp11 INFO     Early stopping at epoch 21
2026-07-16 14:57:12,779 exp11 INFO     AUC=0.6875, BalAcc=0.7104
2026-07-16 14:57:12,779 exp11 INFO   Fold 2/5
2026-07-16 14:57:12,785 exp2_fusion.models.eeg_encoders INFO Creating EEG encoder: eeg2vec
2026-07-16 14:58:04,428 exp11 INFO     Epoch 10: train_loss=0.2200, val_loss=1.3277, val_auc=0.3378
2026-07-16 14:58:58,332 exp11 INFO     Epoch 20: train_loss=0.0456, val_loss=2.1197, val_auc=0.5200
2026-07-16 14:59:13,704 exp11 INFO     Early stopping at epoch 23
2026-07-16 14:59:13,837 exp11 INFO     AUC=0.5333, BalAcc=0.6000
2026-07-16 14:59:13,837 exp11 INFO   Fold 3/5
2026-07-16 14:59:14,202 exp2_fusion.models.eeg_encoders INFO Creating EEG encoder: eeg2vec
2026-07-16 15:00:05,583 exp11 INFO     Epoch 10: train_loss=0.1013, val_loss=1.1976, val_auc=0.6356
2026-07-16 15:00:56,857 exp11 INFO     Epoch 20: train_loss=0.0455, val_loss=1.9183, val_auc=0.5911
2026-07-16 15:01:38,317 exp11 INFO     Early stopping at epoch 28
2026-07-16 15:01:38,318 exp11 INFO     AUC=0.7067, BalAcc=0.7333
2026-07-16 15:01:38,318 exp11 INFO   Fold 4/5
2026-07-16 15:01:38,323 exp2_fusion.models.eeg_encoders INFO Creating EEG encoder: eeg2vec
2026-07-16 15:02:30,126 exp11 INFO     Epoch 10: train_loss=0.1694, val_loss=1.1960, val_auc=0.6295
2026-07-16 15:03:21,390 exp11 INFO     Epoch 20: train_loss=0.0482, val_loss=1.9499, val_auc=0.5536
2026-07-16 15:04:02,361 exp11 INFO     Early stopping at epoch 28
2026-07-16 15:04:02,362 exp11 INFO     AUC=0.7098, BalAcc=0.6920
2026-07-16 15:04:02,362 exp11 INFO   Fold 5/5
2026-07-16 15:04:02,368 exp2_fusion.models.eeg_encoders INFO Creating EEG encoder: eeg2vec
2026-07-16 15:04:58,270 exp11 INFO     Epoch 10: train_loss=0.2323, val_loss=1.0264, val_auc=0.5759
2026-07-16 15:05:52,204 exp11 INFO     Epoch 20: train_loss=0.0653, val_loss=1.5420, val_auc=0.5491
2026-07-16 15:06:43,497 exp11 INFO     Epoch 30: train_loss=0.0956, val_loss=2.0021, val_auc=0.6384
2026-07-16 15:07:35,749 exp11 INFO     Epoch 40: train_loss=0.0405, val_loss=2.1224, val_auc=0.6741
2026-07-16 15:07:51,117 exp11 INFO     Early stopping at epoch 43
2026-07-16 15:07:51,652 exp11 INFO     AUC=0.7277, BalAcc=0.6964
2026-07-16 15:07:51,709 exp11 INFO   Result: AUC=0.6730 +/- 0.0710, BalAcc=0.6864 +/- 0.0456
2026-07-16 15:07:51,709 exp11 INFO 
============================================================
2026-07-16 15:07:51,709 exp11 INFO Running: exp11_7a_clinicalbert_chemberta_trf
2026-07-16 15:07:51,709 exp11 INFO ============================================================
2026-07-16 15:07:51,709 exp11 INFO   Data: text=clinicalbert, smiles=chemberta
2026-07-16 15:07:51,710 exp7 INFO Preparing quad modality data: clinicalbert, chemberta
2026-07-16 15:07:52,553 exp7 INFO Found 147 patients with valid EEG files and outcomes
2026-07-16 15:07:52,559 exp7 INFO Patients with valid clinical data: 151
2026-07-16 15:07:52,675 exp7 INFO Loaded SMILES embeddings: shape=(15, 768)
2026-07-16 15:07:52,973 exp7 INFO Loaded text embeddings for 107 patients
2026-07-16 15:07:53,008 exp7 INFO Loading cached EEG data from /fs04/scratch2/he12/carter/experiments/outputs/eeg_cache/processed_eeg.pkl
2026-07-16 15:08:01,643 exp7 INFO Loaded 147 patients from cache
2026-07-16 15:08:01,643 exp7 INFO Loaded EEG data for 147 patients
2026-07-16 15:08:01,645 exp7 INFO Patients with all 4 modalities: 111
2026-07-16 15:08:02,092 exp11 INFO   Fold 1/5
2026-07-16 15:08:02,148 exp2_fusion.models.eeg_encoders INFO Creating EEG encoder: eeg2vec
2026-07-16 15:08:45,106 exp11 INFO     Epoch 10: train_loss=0.4448, val_loss=0.9211, val_auc=0.6212
2026-07-16 15:09:23,584 exp11 INFO     Epoch 20: train_loss=0.2831, val_loss=1.6799, val_auc=0.5076
2026-07-16 15:09:46,093 exp11 INFO     Early stopping at epoch 26
2026-07-16 15:09:46,220 exp11 INFO     AUC=0.6818, BalAcc=0.7311
2026-07-16 15:09:46,220 exp11 INFO   Fold 2/5
2026-07-16 15:09:46,285 exp2_fusion.models.eeg_encoders INFO Creating EEG encoder: eeg2vec
2026-07-16 15:10:24,289 exp11 INFO     Epoch 10: train_loss=0.3822, val_loss=0.9140, val_auc=0.6694
2026-07-16 15:11:02,159 exp11 INFO     Epoch 20: train_loss=0.2386, val_loss=1.0700, val_auc=0.6446
2026-07-16 15:11:39,985 exp11 INFO     Epoch 30: train_loss=0.1494, val_loss=1.8385, val_auc=0.5702
2026-07-16 15:12:18,129 exp11 INFO     Epoch 40: train_loss=0.0847, val_loss=2.1143, val_auc=0.5455
2026-07-16 15:12:33,267 exp11 INFO     Early stopping at epoch 44
2026-07-16 15:12:33,268 exp11 INFO     AUC=0.6777, BalAcc=0.7273
2026-07-16 15:12:33,268 exp11 INFO   Fold 3/5
2026-07-16 15:12:33,275 exp2_fusion.models.eeg_encoders INFO Creating EEG encoder: eeg2vec
2026-07-16 15:13:11,248 exp11 INFO     Epoch 10: train_loss=0.5104, val_loss=0.6242, val_auc=0.7583
2026-07-16 15:13:49,285 exp11 INFO     Epoch 20: train_loss=0.3173, val_loss=0.7669, val_auc=0.6583
2026-07-16 15:14:27,116 exp11 INFO     Epoch 30: train_loss=0.2039, val_loss=1.2403, val_auc=0.6833
2026-07-16 15:14:30,900 exp11 INFO     Early stopping at epoch 31
2026-07-16 15:14:30,901 exp11 INFO     AUC=0.7750, BalAcc=0.8250
2026-07-16 15:14:30,901 exp11 INFO   Fold 4/5
2026-07-16 15:14:30,907 exp2_fusion.models.eeg_encoders INFO Creating EEG encoder: eeg2vec
2026-07-16 15:15:08,877 exp11 INFO     Epoch 10: train_loss=0.4648, val_loss=0.5574, val_auc=0.8500
2026-07-16 15:15:46,723 exp11 INFO     Epoch 20: train_loss=0.4024, val_loss=0.7746, val_auc=0.7167
2026-07-16 15:16:24,575 exp11 INFO     Epoch 30: train_loss=0.1500, val_loss=0.6233, val_auc=0.8417
2026-07-16 15:17:02,416 exp11 INFO     Epoch 40: train_loss=0.2458, val_loss=0.8005, val_auc=0.7917
2026-07-16 15:17:40,257 exp11 INFO     Epoch 50: train_loss=0.0448, val_loss=0.5074, val_auc=0.9167
2026-07-16 15:18:20,661 exp11 INFO     Early stopping at epoch 59
2026-07-16 15:18:21,160 exp11 INFO     AUC=0.9583, BalAcc=0.9083
2026-07-16 15:18:21,161 exp11 INFO   Fold 5/5
2026-07-16 15:18:21,722 exp2_fusion.models.eeg_encoders INFO Creating EEG encoder: eeg2vec
2026-07-16 15:19:00,452 exp11 INFO     Epoch 10: train_loss=0.4313, val_loss=0.7340, val_auc=0.7833
2026-07-16 15:19:39,533 exp11 INFO     Epoch 20: train_loss=0.3124, val_loss=0.5779, val_auc=0.8250
2026-07-16 15:20:21,000 exp11 INFO     Epoch 30: train_loss=0.3389, val_loss=1.1061, val_auc=0.7500
2026-07-16 15:20:51,291 exp11 INFO     Early stopping at epoch 38
2026-07-16 15:20:51,311 exp11 INFO     AUC=0.8583, BalAcc=0.8333
2026-07-16 15:20:51,383 exp11 INFO   Result: AUC=0.7902 +/- 0.1073, BalAcc=0.8050 +/- 0.0684
2026-07-16 15:20:51,383 exp11 INFO 
============================================================
2026-07-16 15:20:51,383 exp11 INFO Running: exp11_7a_pubmedbert_chemberta_trf
2026-07-16 15:20:51,383 exp11 INFO ============================================================
2026-07-16 15:20:51,384 exp11 INFO   Data: text=pubmedbert, smiles=chemberta
2026-07-16 15:20:51,384 exp7 INFO Preparing quad modality data: pubmedbert, chemberta
2026-07-16 15:20:52,270 exp7 INFO Found 147 patients with valid EEG files and outcomes
2026-07-16 15:20:52,297 exp7 INFO Patients with valid clinical data: 151
2026-07-16 15:20:52,341 exp7 INFO Loaded SMILES embeddings: shape=(15, 768)
2026-07-16 15:20:52,554 exp7 INFO Loaded text embeddings for 107 patients
2026-07-16 15:20:52,556 exp7 INFO Loading cached EEG data from /fs04/scratch2/he12/carter/experiments/outputs/eeg_cache/processed_eeg.pkl
2026-07-16 15:21:01,186 exp7 INFO Loaded 147 patients from cache
2026-07-16 15:21:01,187 exp7 INFO Loaded EEG data for 147 patients
2026-07-16 15:21:01,189 exp7 INFO Patients with all 4 modalities: 111
2026-07-16 15:21:01,579 exp11 INFO   Fold 1/5
2026-07-16 15:21:01,608 exp2_fusion.models.eeg_encoders INFO Creating EEG encoder: eeg2vec
2026-07-16 15:21:39,347 exp11 INFO     Epoch 10: train_loss=0.4483, val_loss=1.0195, val_auc=0.5833
2026-07-16 15:22:17,271 exp11 INFO     Epoch 20: train_loss=0.3282, val_loss=1.3378, val_auc=0.4924
2026-07-16 15:22:54,771 exp11 INFO     Epoch 30: train_loss=0.1740, val_loss=2.2389, val_auc=0.4091
2026-07-16 15:23:02,264 exp11 INFO     Early stopping at epoch 32
2026-07-16 15:23:02,266 exp11 INFO     AUC=0.6061, BalAcc=0.6894
2026-07-16 15:23:02,266 exp11 INFO   Fold 2/5
2026-07-16 15:23:02,272 exp2_fusion.models.eeg_encoders INFO Creating EEG encoder: eeg2vec
2026-07-16 15:23:40,299 exp11 INFO     Epoch 10: train_loss=0.4892, val_loss=0.6064, val_auc=0.7107
2026-07-16 15:24:18,135 exp11 INFO     Epoch 20: train_loss=0.3381, val_loss=1.1135, val_auc=0.5620
2026-07-16 15:24:56,183 exp11 INFO     Epoch 30: train_loss=0.2362, val_loss=1.5323, val_auc=0.5620
2026-07-16 15:24:59,966 exp11 INFO     Early stopping at epoch 31
2026-07-16 15:24:59,967 exp11 INFO     AUC=0.7107, BalAcc=0.7273
2026-07-16 15:24:59,967 exp11 INFO   Fold 3/5
2026-07-16 15:24:59,973 exp2_fusion.models.eeg_encoders INFO Creating EEG encoder: eeg2vec
2026-07-16 15:25:37,932 exp11 INFO     Epoch 10: train_loss=0.4651, val_loss=0.7994, val_auc=0.6667
2026-07-16 15:26:15,781 exp11 INFO     Epoch 20: train_loss=0.4934, val_loss=1.0387, val_auc=0.6083
2026-07-16 15:26:53,622 exp11 INFO     Epoch 30: train_loss=0.3369, val_loss=1.4409, val_auc=0.6250
2026-07-16 15:27:31,475 exp11 INFO     Epoch 40: train_loss=0.1424, val_loss=1.4905, val_auc=0.6917
2026-07-16 15:28:09,311 exp11 INFO     Epoch 50: train_loss=0.1393, val_loss=1.8147, val_auc=0.7000
2026-07-16 15:28:29,579 exp11 INFO     Early stopping at epoch 55
2026-07-16 15:28:29,580 exp11 INFO     AUC=0.7250, BalAcc=0.7083
2026-07-16 15:28:29,580 exp11 INFO   Fold 4/5
2026-07-16 15:28:29,587 exp2_fusion.models.eeg_encoders INFO Creating EEG encoder: eeg2vec
2026-07-16 15:29:07,953 exp11 INFO     Epoch 10: train_loss=0.3786, val_loss=0.6030, val_auc=0.7583
2026-07-16 15:29:46,862 exp11 INFO     Epoch 20: train_loss=0.3193, val_loss=0.7915, val_auc=0.7917
2026-07-16 15:29:58,220 exp11 INFO     Early stopping at epoch 23
2026-07-16 15:29:58,243 exp11 INFO     AUC=0.8667, BalAcc=0.8333
2026-07-16 15:29:58,243 exp11 INFO   Fold 5/5
2026-07-16 15:29:58,250 exp2_fusion.models.eeg_encoders INFO Creating EEG encoder: eeg2vec
2026-07-16 15:30:41,149 exp11 INFO     Epoch 10: train_loss=0.4445, val_loss=0.5125, val_auc=0.9167
2026-07-16 15:31:39,516 exp11 INFO     Epoch 20: train_loss=0.5225, val_loss=0.7223, val_auc=0.8000
2026-07-16 15:32:17,373 exp11 INFO     Epoch 30: train_loss=0.2215, val_loss=1.0102, val_auc=0.7000
2026-07-16 15:32:17,373 exp11 INFO     Early stopping at epoch 30
2026-07-16 15:32:18,496 exp11 INFO     AUC=0.9167, BalAcc=0.8500
2026-07-16 15:32:18,931 exp11 INFO   Result: AUC=0.7650 +/- 0.1124, BalAcc=0.7617 +/- 0.0666
2026-07-16 15:32:18,932 exp11 INFO 
============================================================
2026-07-16 15:32:18,932 exp11 INFO Running: exp11_7a_clinicalbert_chemberta_meanmax
2026-07-16 15:32:18,932 exp11 INFO ============================================================
2026-07-16 15:32:18,932 exp11 INFO   Data: text=clinicalbert, smiles=chemberta
2026-07-16 15:32:18,932 exp7 INFO Preparing quad modality data: clinicalbert, chemberta
2026-07-16 15:32:20,812 exp7 INFO Found 147 patients with valid EEG files and outcomes
2026-07-16 15:32:20,839 exp7 INFO Patients with valid clinical data: 151
2026-07-16 15:32:20,956 exp7 INFO Loaded SMILES embeddings: shape=(15, 768)
2026-07-16 15:32:21,052 exp7 INFO Loaded text embeddings for 107 patients
2026-07-16 15:32:21,072 exp7 INFO Loading cached EEG data from /fs04/scratch2/he12/carter/experiments/outputs/eeg_cache/processed_eeg.pkl
2026-07-16 15:32:30,815 exp7 INFO Loaded 147 patients from cache
2026-07-16 15:32:30,815 exp7 INFO Loaded EEG data for 147 patients
2026-07-16 15:32:30,817 exp7 INFO Patients with all 4 modalities: 111
2026-07-16 15:32:31,035 exp11 INFO   Fold 1/5
2026-07-16 15:32:31,696 exp2_fusion.models.eeg_encoders INFO Creating EEG encoder: eeg2vec
2026-07-16 15:33:13,583 exp11 INFO     Epoch 10: train_loss=0.1762, val_loss=1.5300, val_auc=0.4394
2026-07-16 15:33:51,063 exp11 INFO     Epoch 20: train_loss=0.1073, val_loss=1.9415, val_auc=0.4167
2026-07-16 15:33:54,796 exp11 INFO     Early stopping at epoch 21
2026-07-16 15:33:54,797 exp11 INFO     AUC=0.5606, BalAcc=0.6402
2026-07-16 15:33:54,797 exp11 INFO   Fold 2/5
2026-07-16 15:33:54,804 exp2_fusion.models.eeg_encoders INFO Creating EEG encoder: eeg2vec
2026-07-16 15:34:32,597 exp11 INFO     Epoch 10: train_loss=0.4319, val_loss=1.3515, val_auc=0.3388
2026-07-16 15:35:10,266 exp11 INFO     Epoch 20: train_loss=0.1294, val_loss=1.5945, val_auc=0.4793
2026-07-16 15:35:40,409 exp11 INFO     Early stopping at epoch 28
2026-07-16 15:35:40,410 exp11 INFO     AUC=0.6612, BalAcc=0.6818
2026-07-16 15:35:40,410 exp11 INFO   Fold 3/5
2026-07-16 15:35:40,416 exp2_fusion.models.eeg_encoders INFO Creating EEG encoder: eeg2vec
2026-07-16 15:36:18,213 exp11 INFO     Epoch 10: train_loss=0.1226, val_loss=0.7864, val_auc=0.7583
2026-07-16 15:36:55,884 exp11 INFO     Epoch 20: train_loss=0.1047, val_loss=0.7916, val_auc=0.8250
2026-07-16 15:37:33,576 exp11 INFO     Epoch 30: train_loss=0.0323, val_loss=1.5459, val_auc=0.6750
2026-07-16 15:37:48,648 exp11 INFO     Early stopping at epoch 34
2026-07-16 15:37:48,649 exp11 INFO     AUC=0.8500, BalAcc=0.8167
2026-07-16 15:37:48,649 exp11 INFO   Fold 4/5
2026-07-16 15:37:48,655 exp2_fusion.models.eeg_encoders INFO Creating EEG encoder: eeg2vec
2026-07-16 15:38:27,152 exp11 INFO     Epoch 10: train_loss=0.2169, val_loss=0.7928, val_auc=0.7167
2026-07-16 15:39:05,264 exp11 INFO     Epoch 20: train_loss=0.0703, val_loss=0.9097, val_auc=0.7583
2026-07-16 15:39:32,893 exp11 INFO     Early stopping at epoch 27
2026-07-16 15:39:32,909 exp11 INFO     AUC=0.8833, BalAcc=0.8333
2026-07-16 15:39:32,909 exp11 INFO   Fold 5/5
2026-07-16 15:39:32,915 exp2_fusion.models.eeg_encoders INFO Creating EEG encoder: eeg2vec
2026-07-16 15:40:10,778 exp11 INFO     Epoch 10: train_loss=0.1731, val_loss=0.6592, val_auc=0.7667
2026-07-16 15:40:48,496 exp11 INFO     Epoch 20: train_loss=0.0573, val_loss=1.1996, val_auc=0.7250
2026-07-16 15:41:18,743 exp11 INFO     Early stopping at epoch 28
2026-07-16 15:41:18,744 exp11 INFO     AUC=0.8083, BalAcc=0.8333
2026-07-16 15:41:18,800 exp11 INFO   Result: AUC=0.7527 +/- 0.1224, BalAcc=0.7611 +/- 0.0830
2026-07-16 15:41:18,800 exp11 INFO 
============================================================
2026-07-16 15:41:18,800 exp11 INFO Running: exp11_7a_pubmedbert_chemberta_meanmax
2026-07-16 15:41:18,800 exp11 INFO ============================================================
2026-07-16 15:41:18,800 exp11 INFO   Data: text=pubmedbert, smiles=chemberta
2026-07-16 15:41:18,800 exp7 INFO Preparing quad modality data: pubmedbert, chemberta
2026-07-16 15:41:18,810 exp7 INFO Found 147 patients with valid EEG files and outcomes
2026-07-16 15:41:18,815 exp7 INFO Patients with valid clinical data: 151
2026-07-16 15:41:18,825 exp7 INFO Loaded SMILES embeddings: shape=(15, 768)
2026-07-16 15:41:18,984 exp7 INFO Loaded text embeddings for 107 patients
2026-07-16 15:41:18,985 exp7 INFO Loading cached EEG data from /fs04/scratch2/he12/carter/experiments/outputs/eeg_cache/processed_eeg.pkl
2026-07-16 15:41:19,690 exp7 INFO Loaded 147 patients from cache
2026-07-16 15:41:19,690 exp7 INFO Loaded EEG data for 147 patients
2026-07-16 15:41:19,692 exp7 INFO Patients with all 4 modalities: 111
2026-07-16 15:41:19,747 exp11 INFO   Fold 1/5
2026-07-16 15:41:19,754 exp2_fusion.models.eeg_encoders INFO Creating EEG encoder: eeg2vec
2026-07-16 15:41:57,509 exp11 INFO     Epoch 10: train_loss=0.2220, val_loss=1.2593, val_auc=0.5076
2026-07-16 15:42:41,473 exp11 INFO     Epoch 20: train_loss=0.0485, val_loss=1.6575, val_auc=0.5000
2026-07-16 15:43:01,674 exp11 INFO     Early stopping at epoch 24
2026-07-16 15:43:02,043 exp11 INFO     AUC=0.5833, BalAcc=0.6477
2026-07-16 15:43:02,043 exp11 INFO   Fold 2/5
2026-07-16 15:43:03,099 exp2_fusion.models.eeg_encoders INFO Creating EEG encoder: eeg2vec
2026-07-16 15:43:41,377 exp11 INFO     Epoch 10: train_loss=0.2111, val_loss=1.5305, val_auc=0.3884
2026-07-16 15:44:18,979 exp11 INFO     Epoch 20: train_loss=0.1419, val_loss=2.1386, val_auc=0.3306
2026-07-16 15:44:26,499 exp11 INFO     Early stopping at epoch 22
2026-07-16 15:44:26,500 exp11 INFO     AUC=0.6529, BalAcc=0.6818
2026-07-16 15:44:26,500 exp11 INFO   Fold 3/5
2026-07-16 15:44:26,506 exp2_fusion.models.eeg_encoders INFO Creating EEG encoder: eeg2vec
2026-07-16 15:45:04,262 exp11 INFO     Epoch 10: train_loss=0.1849, val_loss=1.0718, val_auc=0.6333
2026-07-16 15:45:41,892 exp11 INFO     Epoch 20: train_loss=0.1096, val_loss=0.7240, val_auc=0.8000
2026-07-16 15:46:19,534 exp11 INFO     Epoch 30: train_loss=0.0980, val_loss=1.7984, val_auc=0.7083
2026-07-16 15:46:57,152 exp11 INFO     Epoch 40: train_loss=0.0947, val_loss=1.6139, val_auc=0.7500
2026-07-16 15:47:00,915 exp11 INFO     Early stopping at epoch 41
2026-07-16 15:47:00,916 exp11 INFO     AUC=0.8250, BalAcc=0.7750
2026-07-16 15:47:00,916 exp11 INFO   Fold 4/5
2026-07-16 15:47:00,922 exp2_fusion.models.eeg_encoders INFO Creating EEG encoder: eeg2vec
2026-07-16 15:47:38,670 exp11 INFO     Epoch 10: train_loss=0.1369, val_loss=0.8129, val_auc=0.7250
2026-07-16 15:48:16,314 exp11 INFO     Epoch 20: train_loss=0.4474, val_loss=0.8647, val_auc=0.8417
2026-07-16 15:48:23,836 exp11 INFO     Early stopping at epoch 22
2026-07-16 15:48:23,837 exp11 INFO     AUC=1.0000, BalAcc=1.0000
2026-07-16 15:48:23,837 exp11 INFO   Fold 5/5
2026-07-16 15:48:23,843 exp2_fusion.models.eeg_encoders INFO Creating EEG encoder: eeg2vec
2026-07-16 15:49:02,470 exp11 INFO     Epoch 10: train_loss=0.1570, val_loss=0.9972, val_auc=0.5750
2026-07-16 15:49:41,976 exp11 INFO     Epoch 20: train_loss=0.0924, val_loss=0.9030, val_auc=0.6333
2026-07-16 15:49:53,268 exp11 INFO     Early stopping at epoch 23
2026-07-16 15:49:53,283 exp11 INFO     AUC=0.8167, BalAcc=0.8667
2026-07-16 15:49:53,406 exp11 INFO   Result: AUC=0.7756 +/- 0.1459, BalAcc=0.7942 +/- 0.1281
2026-07-16 15:49:53,411 exp11 INFO 
Results saved to /fs04/scratch2/he12/carter/experiments/outputs/exp11_results/results_20260716_154953.json
WARNING: these runs failed and are absent from the archive: exp5_clinical_fusion
